Nombre_Barrio;RATIO_AIRBNB_HECTAREA;PRECIO_M2;SUPERFCIE_M2;RATIO_PUERTA;RATIO_LOCAL_HECTAREA;TAM_HOGAR_MEDIO;RATIO_HOGARES_1PER;HIPOT_MEDIA;DENSIDAD_HAB;EDAD_PROMEDIO;EDAD_MEDIANA;PROPOR_DE_JUVENTUD;PROPOR_ENVEJECIMIENTO;PROPOR_DESOBREENVEJECIMIENTO;IND_ENVEJECIMIENTO;IND_JUVENTUD;IND_DEPENDENCIA;IND_ESTRUCTURA_POBLA_ACTIVA;IND_REEMPLAZO_POBLA_ACTIVA;RZ_PROGRESIVIDAD_DEMO;PROPOR_EXTRANJEROS;PROPOR_NACIDOS_FUERA_ESPAÑA;PROPOR_INMIG_EXTRANJ;TOTAL_COMPRAVENTA;SIN_ESTUDIOS;ESTUDIOS_SECUNDARIOS;ESTUDIOS_UNIVERSITARIOS
ZOFÍO;0.1;1624;61.58;0.934;8.45;2.73;0.256;88859.65;173.72;43.31;43.29;14.47;18.7;41.53;129.19;77.41;49.63;82.64;86.19;107.14;20.61;31.88;16.19;59;0.296;0.578;0.126
VISTA ALEGRE;0.45;1837;65.26;0.905;20.2;2.61;0.282;91000.54;278.88;45.59;45.24;12.83;23.45;35.59;182.78;54.71;56.92;82.67;59.65;95.76;19.01;30.49;15.02;451;0.259;0.569;0.172
VINATEROS;0.27;2269;73.2;0.821;6.38;2.33;0.321;111452.75;282.28;49.33;49.19;11.47;31.11;40.51;271.1;36.89;74.17;72.71;67.75;89.45;9.85;17.78;6.2;158;0.247;0.525;0.228
VENTAS;0.25;2277;67.92;0.919;8.61;2.39;0.33;120439.34;147.92;46.89;46.54;11.81;24.76;42.76;209.76;47.67;57.66;78.89;62.83;98.43;14.4;26.28;10.57;535;0.227;0.553;0.219
VALVERDE;0.05;3191;84.83;0.787;3.15;2.72;0.256;197584.7;66.82;37.22;38.63;24.42;11.96;41.24;48.99;204.14;57.18;81.09;85.94;99.59;9.94;16.26;6.73;773;0.136;0.418;0.446
VALLEHERMOSO;0.59;4169;110.31;0.652;10.06;2.42;0.357;272939.09;184.98;48.14;48.56;11.56;28.13;38.55;243.39;41.09;65.81;81.02;47.04;95;6.35;10.82;3.46;228;0.064;0.33;0.606
VALDEZARZA;0.15;2503;79.83;0.947;6.57;2.43;0.302;145705.57;209.28;46.29;46.37;12.55;25;34.14;199.21;50.2;60.12;82.65;52.73;98.8;10.26;17.45;7.54;326;0.19;0.484;0.325
VALDEMARÍN;0.01;4238;176.08;0.633;0.36;3.48;0.201;490833.51;19.42;35.63;37.7;28.96;10.35;35.09;35.76;279.67;64.77;64.85;131.44;69.53;9.39;14.53;5.47;102;0.061;0.249;0.69
VALDEFUENTES;0.03;3203;121.89;0.615;0.78;2.85;0.236;252217.73;30.83;33.86;36.81;27.4;6.92;23.98;25.25;396.05;52.24;85.38;121.88;103.63;8.29;14.31;4.53;976;0.054;0.348;0.598
VALDEACEDERAS;0.39;2541;61.16;0.878;15.52;2.42;0.351;108876.13;216.73;41.76;40.78;13.66;15.09;40.32;110.45;90.54;40.36;96.01;70.2;115.16;19.83;29.97;15.68;357;0.209;0.528;0.264
UNIVERSIDAD;13.73;4639;66.19;0.743;35.99;1.96;0.493;204767.74;323.93;44.11;41.8;8.42;16.74;37.19;198.72;50.32;33.63;103.55;34.55;102.36;20.26;29.91;10.93;674;0.11;0.402;0.488
TRAFALGAR;4.92;4855;85.71;0.725;34.91;2.12;0.436;261797.73;400.67;45.33;43.59;10.95;21.07;38.33;192.4;51.97;47.11;94.66;37.53;112.48;11.99;19.5;6.16;466;0.091;0.355;0.553
TIMÓN;0.03;2993;87.55;0.929;0.63;2.65;0.256;162664.91;21.64;37.77;38.82;20.33;10.27;30.83;50.51;197.97;44.09;85.91;100.72;123.46;8.63;14.14;4.29;89;0.118;0.499;0.383
SOL;19.94;5027;97.13;0.577;55.33;1.95;0.499;252787.89;164.85;44.54;42.64;7.06;16.84;32.52;238.61;41.91;31.39;98.12;29.62;126.92;25.02;35.76;11.29;127;0.101;0.421;0.477
SIMANCAS;0.19;2308;73.11;0.507;10.14;2.5;0.315;114535.2;116.37;42.71;42.91;15.99;17;47.39;106.33;94.05;49.22;75.16;76.65;81.94;13.88;23.19;9.04;419;0.222;0.532;0.246
SANTA EUGENIA;0.02;1915;90.96;0.825;2.62;2.73;0.197;120515.31;115.99;44.81;46.6;11.76;19.64;24.56;166.98;59.89;45.78;76.37;51.74;96.69;9.31;12.96;2.79;165;0.188;0.579;0.233
SAN PASCUAL;0.2;3178;82.42;0.668;8.86;2.42;0.305;189346.41;171.95;46.94;48.16;12.63;25.61;32.59;202.8;49.31;61.91;74.82;48.53;96.95;7.61;13.14;4.66;177;0.165;0.441;0.393
SAN JUAN BAUTISTA;0.24;3747;108.13;0.584;5.73;2.59;0.284;277275.54;122.34;43.88;44.81;15.69;21.2;31.69;135.09;74.03;58.47;74.59;88.84;87.88;8.33;13.88;4.46;131;0.083;0.345;0.572
SAN ISIDRO;0.41;1801;67.16;0.864;11.36;2.55;0.307;100653.8;199.84;43.87;43.52;13.87;19.73;38.81;142.22;70.31;50.6;83.92;66.52;101.58;17.76;27.79;13.04;426;0.279;0.542;0.179
SAN FERMÍN;0.23;1714;77.36;0.863;4.12;2.83;0.232;100127.93;155.39;39.69;40.91;19.52;14.47;33.21;74.13;134.9;51.51;76.18;113.43;80.87;16.19;25.49;12.77;218;0.278;0.574;0.148
SAN DIEGO;0.7;1564;53.03;0.917;27.05;2.55;0.326;75560.3;366.38;41.38;40.81;15;15.48;41.28;103.25;96.85;43.84;93.09;85.7;99.58;25.03;38.27;20.61;605;0.289;0.59;0.121
SAN CRISTÓBAL;0.06;1043;63.09;0.886;3.42;3.03;0.255;58487.58;140.3;39.18;38.45;19.66;14.35;52.46;72.97;137.04;51.54;99.64;123.34;103.16;28.49;46.55;25.01;209;0.359;0.578;0.063
SAN ANDRÉS;0.03;1390;67.76;0.9;3.56;2.71;0.249;99679.78;46.95;42.21;42.55;16.37;17.8;38.14;108.76;91.95;51.91;80.19;88.13;90.42;16.99;25.98;12.74;1308;0.323;0.564;0.113
ROSAS;0.01;2854;95.68;0.977;0.99;2.88;0.177;183538.62;33.89;40.1;44.02;20.38;12.43;27.31;60.96;164.04;48.83;52.1;116.69;68.77;4.62;8.58;2.14;152;0.126;0.527;0.347
RÍOS ROSAS;0.95;4726;93.64;0.663;18.6;2.26;0.387;258355.67;274.99;45.91;44.58;11.57;23.42;38.55;202.45;49.4;53.82;95.3;42.47;109.8;10.33;17.39;5.86;403;0.085;0.349;0.565
REJAS;0.03;2920;86.83;0.63;1.78;2.45;0.312;169354.92;31.45;38.18;39.24;20.85;11.56;44.02;55.46;180.32;47.96;83.73;86.77;97.89;14.03;21.98;8.38;191;0.106;0.467;0.427
RECOLETOS;1.78;7054;139.71;0.435;36.6;2.34;0.406;656012.66;177.68;45.65;45.54;12.16;22.63;33.89;186.06;53.75;53.36;86.2;46.82;121.43;14.43;21.89;6.35;294;0.048;0.31;0.643
QUINTANA;0.59;2478;66.09;0.876;25.13;2.37;0.353;119797.87;334.41;46.29;45.74;11.86;23.01;45.83;193.94;51.56;53.55;82.07;53.38;110.58;16.55;28.36;12.74;358;0.188;0.537;0.275
PUERTA DEL ÁNGEL;1.35;2130;67.73;0.913;21.21;2.38;0.349;103634.86;298.16;45.3;44.4;12.11;21.27;44;175.63;56.94;50.09;85.11;57.54;97.64;16.9;27.23;12.82;521;0.234;0.525;0.241
PUERTA BONITA;0.22;1651;66.88;0.94;9.09;2.71;0.279;89246.3;205.09;43.38;43.21;15;19.69;39.43;131.31;76.16;53.12;82.19;84.01;92.34;18.47;29.25;13.99;222;0.287;0.565;0.148
PUEBLO NUEVO;0.2;2228;66.93;0.873;14.92;2.56;0.284;103884.57;260.5;45.32;45.21;12.93;22.2;37.6;171.62;58.27;54.16;79.79;59.82;100.91;14.7;27.08;11.19;720;0.231;0.559;0.209
PROSPERIDAD;0.89;3730;75.39;0.796;18.6;2.3;0.364;193984.78;346.99;46.52;46.09;11.36;24.4;33.35;214.73;46.57;55.68;86.47;39.55;110.89;9.3;15.94;5.97;533;0.09;0.404;0.506
PRADOLONGO;0.11;1677;73.86;0.952;11.18;2.85;0.261;90692.38;153.49;42.66;41.87;14.56;18.21;40.2;125.08;79.95;48.73;91.71;79.19;101.16;29.68;40.9;26.98;229;0.327;0.576;0.097
PORTAZGO;0.15;1535;68.58;0.967;11.19;2.61;0.276;80146.42;222.08;44.97;44.65;13.74;22.25;39.83;161.92;61.76;56.23;84.45;63.52;96.57;11.95;19.41;8.79;298;0.37;0.528;0.102
PIOVERA;0.03;4403;159.29;0.846;0.95;3.04;0.203;456428.16;46.1;40;42.21;18.65;13.08;25.3;70.11;142.63;46.48;70.3;102.9;83.56;14.03;20.29;4.29;208;0.047;0.319;0.634
PINAR DEL REY;0.15;2500;71.89;0.837;10.02;2.48;0.274;129723.83;195.01;46.89;47.3;12.5;26.3;32.37;210.33;47.54;63.39;76.39;56.03;95.82;9.15;16.13;5.87;552;0.225;0.527;0.247
PILAR;0.22;2786;64.94;0.813;17.22;2.38;0.302;146168.42;336.03;48.31;47.81;10.96;29.66;31.16;270.64;36.95;68.4;83.71;47.53;107.34;9.8;16.97;7.05;382;0.212;0.494;0.294
PEÑAGRANDE;0.12;3341;100.53;0.775;3.7;2.64;0.245;205892.31;153.3;45.89;46.79;13.15;24.53;26.7;186.5;53.62;60.46;78.6;45.81;100.65;6.94;12.08;4.53;411;0.163;0.457;0.38
PAVONES;0.04;2269;76.76;0.939;2.27;2.8;0.231;117166.77;90.28;45.75;46.91;13.09;23.42;35.74;178.96;55.88;57.51;76.43;62.22;85.24;9.14;14.53;4.14;74;0.25;0.513;0.237
PALOS DE MOGUER;4.15;3565;65.94;0.786;24.26;2.2;0.403;156640.28;394.48;45.56;44.24;10.07;20.35;39.21;202.06;49.49;43.72;89.27;43.15;113.56;13.91;23;9.75;311;0.141;0.438;0.421
PALOMERAS SURESTE;0.04;1642;76.8;0.716;5.62;2.66;0.248;89748.79;135.08;43.47;43.84;14.1;18.46;37.4;130.9;76.39;48.29;79.65;76.86;92.55;9.93;16.51;6.91;443;0.325;0.549;0.127
PALOMERAS BAJAS;0.19;1565;66.82;0.854;7.65;2.65;0.257;88921.52;228.14;42.91;44.61;14.23;16.33;39.02;114.76;87.14;44.01;73.2;94.43;87.96;11.53;18.9;8.6;395;0.258;0.572;0.17
PALOMAS;0.1;3203;171.73;0.796;1;3.08;0.17;373828.83;59.14;39.19;41.82;21.89;13.89;17.78;63.43;157.65;55.72;63.47;104.72;62.37;8.8;13.69;3.05;63;0.041;0.335;0.624
PALACIO;6.95;4474;70.79;0.685;17.76;2;0.476;181468.69;152.07;45.5;44.15;8.84;18.78;35.34;212.5;47.06;38.17;85.59;33.43;109.93;16.53;23.94;7.57;235;0.116;0.397;0.488
PACÍFICO;1.75;3555;70.37;0.714;20.44;2.3;0.348;156508.66;443.51;47.04;47.5;11.16;24.27;36.2;217.48;45.98;54.87;77.36;41.19;110.77;7.87;13.82;4.85;373;0.109;0.409;0.481
ORCASUR;0.04;1710;91.49;0.576;3.16;2.86;0.245;100490.72;96.09;40.7;41.13;17.4;14.84;38.57;85.3;117.24;47.56;82.58;97.93;102.44;11.48;19.65;8.84;141;0.349;0.519;0.132
ORCASITAS;0.01;1702;100.55;0.9;2.81;2.67;0.241;116247.15;165.13;43.22;43.71;18.01;19.76;44.4;109.74;91.12;60.69;64.16;76.99;74.18;6.66;11.19;4.62;121;0.332;0.542;0.126
OPAÑEL;0.46;1887;68.53;0.867;16.88;2.48;0.325;87832.92;289.18;45.03;44.53;12.46;21.31;40.06;170.98;58.48;51;84.72;63.41;102.75;18.44;29.34;14.52;234;0.228;0.567;0.205
NUMANCIA;0.34;1783;61.09;0.883;12.24;2.58;0.3;82502.53;248.12;43.58;43.15;13.69;19.02;37.97;138.88;72;48.62;85.99;67.44;101.06;17.98;28.75;14.06;643;0.297;0.559;0.143
NUEVA ESPAÑA;0.3;4929;119.4;0.635;7.05;2.68;0.318;381513.92;134.69;43.35;43.25;16.94;21.16;35.68;124.9;80.06;61.54;79.88;71.16;99.63;8.66;15.35;4.61;219;0.048;0.304;0.648
NIÑO JESÚS;0.39;3983;113.96;0.746;9.68;2.72;0.257;296861.95;235.9;46.15;47.11;14.73;26.17;32.4;177.72;56.27;69.21;74.2;56.41;101.67;4.88;9.22;2.33;162;0.058;0.319;0.623
MOSCARDÓ;0.39;1788;65.98;0.894;14.7;2.63;0.3;106025.19;278.92;44.1;43.33;13.22;19.73;42.01;149.19;67.03;49.15;87.23;66.67;98.12;24.5;35.6;21.14;250;0.249;0.586;0.165
MIRASIERRA;0.02;3607;113.62;0.668;0.57;3.11;0.19;292673.16;44.14;38.98;40.49;21.53;14.42;21.66;66.97;149.31;56.13;76.26;104.62;90.43;4.75;9.21;2.02;561;0.063;0.321;0.616
MEDIA LEGUA;0.17;2269;80.26;0.904;4.99;2.5;0.279;128283.47;178.29;47.72;49.4;11.41;26.84;34.83;235.12;42.53;61.95;76.82;50.49;107.64;7.9;13.92;5.19;139;0.225;0.488;0.287
MARROQUINA;0.06;2269;85.88;0.908;5.68;2.53;0.256;146432.74;152.88;47.65;49.97;11.18;26.2;33.47;234.31;42.68;59.7;70.03;72.36;90.28;5.27;10.19;3.34;163;0.172;0.497;0.331
LUCERO;0.36;1940;68.31;0.874;8.28;2.52;0.296;110430.63;210.06;45.63;45.64;13.27;23.16;41.44;174.51;57.3;57.3;79.2;73.55;92.71;14.55;23.8;11.18;387;0.248;0.532;0.22
LOS ROSALES;0.16;1438;64.57;0.863;9.16;2.8;0.22;81602.03;236.74;41.82;42.92;16.5;16.76;31.1;101.59;98.43;49.85;74.13;103.12;83.06;16.45;26.04;12.43;250;0.274;0.577;0.15
LOS JERÓNIMOS;0.48;6106;161.77;0.493;3.24;2.51;0.327;648955.36;37;47.99;48.29;11.3;26.8;39.79;237.14;42.17;61.54;74.64;43.38;131.36;9.44;16.09;3.52;105;0.072;0.353;0.574
LOS CÁRMENES;0.2;1920;72.86;0.898;5.64;2.63;0.266;107343.67;131.87;43.16;44.34;15.09;17.51;41.54;116.02;86.19;48.37;73.01;86.64;82.85;12.29;20.06;8.85;153;0.262;0.526;0.212
LISTA;2.38;4835;90.83;0.628;29.49;2.27;0.392;295176.81;399.01;45.84;44.45;11.64;23.9;37.9;205.25;48.72;55.15;99.03;47.11;115.6;13.34;20.25;7.44;284;0.074;0.35;0.576
LEGAZPI;0.25;3594;94.84;0.779;4.23;2.56;0.275;220668.01;133.89;37.38;39.31;20.58;7.79;27.24;37.87;264.09;39.62;75.95;85.33;111.06;6.86;11.83;3.96;94;0.063;0.355;0.582
LA PAZ;0.06;3429;116.48;0.786;3.61;2.71;0.195;219656.58;156.88;48.26;50.73;10.72;29.57;19.86;275.75;36.26;67.49;83.51;30.14;115.89;4.58;8.81;2.62;188;0.094;0.39;0.516
JUSTICIA;10.54;5252;93.19;0.641;36.26;1.96;0.497;314456.32;221.45;44.09;42.32;9.04;16.56;36.17;183.24;54.57;34.41;96.45;42.27;131.49;19.37;28.21;9.04;405;0.084;0.366;0.55
IMPERIAL;0.91;3382;79.87;0.859;8.85;2.37;0.329;174498.22;234.02;45.54;46.01;12.57;20.62;36.39;164.05;60.96;49.67;71.65;47.91;98.18;6.61;11.43;3.66;195;0.121;0.417;0.462
IBIZA;2.13;4884;88.66;0.711;25.37;2.31;0.363;260166.31;433.91;46.97;46.67;12.39;24.89;40.35;200.98;49.76;59.44;76.57;40.17;117.26;9.21;15.27;4.85;348;0.097;0.381;0.522
HORCAJO;0.01;2269;91.59;0.941;1.58;2.95;0.18;185679.02;86.27;37.93;42.21;20.54;7.52;29.55;36.61;273.14;39.01;57.45;168.63;56.86;3.71;8.66;2.21;41;0.123;0.467;0.41
HISPANOAMÉRICA;0.4;4473;105.7;0.671;11.01;2.55;0.323;314469.38;182.46;45.9;45.95;14.96;24.65;39.26;164.81;60.68;65.59;75.76;53.28;108.27;6.73;12.58;3.62;348;0.066;0.337;0.597
HELLÍN;0.05;2489;83.58;1;1.76;2.4;0.32;83837.89;160.38;48.14;48.56;12.08;26.08;60.31;215.84;46.33;61.72;75.85;72.13;93.33;9.05;17.51;6.44;179;0.353;0.554;0.093
GUINDALERA;1.1;3640;86.32;0.75;13.75;2.35;0.356;216548.09;253.65;46.91;46.31;11.45;24.92;42.47;217.59;45.96;57.16;86.84;51.48;107.3;9.3;15.7;5.45;575;0.086;0.382;0.532
GOYA;2.86;5385;91.12;0.621;33.1;2.24;0.395;276417.96;380.02;46.25;45.54;11.16;23.6;36.85;211.41;47.3;53.29;89.01;42.5;131.01;11.77;19.14;6.15;526;0.077;0.358;0.565
GAZTAMBIDE;2.59;3929;85.69;0.74;37.38;2.19;0.406;230182.12;442.39;47.46;46.68;9.75;25.67;39.87;263.2;37.99;54.84;95.51;39.51;118.44;10.32;17.12;5.92;388;0.09;0.355;0.555
FUENTELARREINA;0.01;3174;160.73;0.63;0.2;2.92;0.231;228733.71;23.12;45.45;46.89;15.83;26.22;30.19;165.61;60.38;72.57;76.05;80.2;84.24;7.48;14.39;4.13;30;0.055;0.311;0.633
FUENTE DEL BERRO;0.77;3793;77.98;0.768;13.83;2.26;0.377;188135.74;241.44;46.9;46.19;11.38;24.77;38.49;217.68;45.94;56.6;83.41;43.33;97.75;10.74;18.03;6.14;332;0.107;0.412;0.481
FONTARRÓN;0.26;1998;69.75;0.801;3.74;2.46;0.3;99302.52;173.16;47.64;47.35;12.45;27.59;43.29;221.54;45.14;66.78;76.91;71.71;85.47;11.61;21.54;7.77;224;0.271;0.543;0.186
ESTRELLA;0.21;3662;110.06;0.718;4.91;2.69;0.235;241884.3;225.86;48.24;49.46;12.82;30;29.89;234.02;42.73;74.87;74.47;43.46;94.61;3.57;7.48;1.9;179;0.08;0.363;0.557
ENTREVÍAS;0.02;1279;76.85;0.937;2.36;2.66;0.263;78167.25;56.16;43.92;44.05;14.82;20.34;41.69;137.22;72.88;54.22;81.73;76.76;90.33;12.32;18.95;8.75;362;0.408;0.523;0.069
EMBAJADORES;16.48;4017;56.08;0.819;38.08;2.05;0.475;164310.38;431.74;42.85;40.78;9.23;14.54;38.09;157.45;63.51;31.18;105.44;45.54;116.45;24.57;33.26;16.02;981;0.168;0.428;0.404
EL VISO;0.29;5241;155.25;0.563;8.83;2.82;0.291;701246.37;99.82;44.17;44.16;14.49;21.3;37.18;147.01;68.02;55.74;86.66;60.04;127.75;10.81;17.43;5.95;187;0.056;0.321;0.623
EL SALVADOR;0.08;3265;115.51;0.667;1.91;2.67;0.246;238342.6;60.51;44.92;47.93;13.19;19.5;33.66;147.83;67.64;48.58;66.02;75;93.02;7.01;12.05;3.4;76;0.109;0.434;0.457
EL PLANTÍO;0.01;3915;182.48;0.244;1.22;3.28;0.166;584908.6;7.71;41.82;43.09;20.33;19.19;27.97;94.39;105.94;65.35;72.61;60.23;88.7;7.43;13.6;4.23;25;0.076;0.315;0.609
EL PARDO;0.02;3174;95.56;0.989;0.01;2.62;0.298;142012.51;0.18;47.88;47.24;11.46;26.58;46.56;231.88;43.13;61.39;79.9;45.32;114.41;2.98;5.51;1.77;32;0.223;0.563;0.215
EL GOLOSO;0.01;3174;114.53;0.773;0.17;3.28;0.21;268211.08;6.57;32.58;36.07;33.43;8.36;53.64;25.01;399.86;71.8;81.49;182.04;105.84;4.81;8.19;2.01;335;0.079;0.291;0.629
DELICIAS;1.21;3566;82.61;0.855;9.05;2.39;0.338;209692.97;258.5;42.64;42.51;14.95;16.68;35.77;111.55;89.64;46.28;79.57;55.61;109;10.67;18.12;7.31;454;0.115;0.428;0.457
CUATRO VIENTOS;0.24;1977;96.44;0.59;0.37;2.61;0.321;165422.99;10.07;34.94;37.79;23.7;6.51;24.44;27.47;364.04;43.29;85.69;116.34;112.56;5.58;10.94;3.47;34;0.106;0.526;0.368
CUATRO CAMINOS;1.06;3841;84.47;0.553;28.9;2.29;0.386;207319.69;286.39;45.91;44.58;10.99;23.06;38.01;209.73;47.68;51.63;95.53;43.26;117.08;13.8;22.54;10.2;575;0.105;0.402;0.493
COSTILLARES;0.2;3648;110.77;0.635;4.11;2.79;0.236;261702.33;153.73;43.21;44.72;16.75;20.71;26.61;123.59;80.92;59.9;73.78;89.36;86.49;4.79;10.01;2.36;148;0.061;0.325;0.614
CORTES;12.06;4842;91.92;0.692;29.85;1.95;0.499;248911.18;177.76;44.99;43.31;7.56;16.85;35.48;223.02;44.84;32.29;91.87;29.94;139.35;20.89;29.82;8.74;288;0.102;0.381;0.517
CORRALEJOS;0.01;2993;116.75;0.279;0.82;2.95;0.202;238743.11;15.74;36.6;40.62;26.93;10.05;31.71;37.33;267.88;58.7;51.76;141.41;75.94;6.55;11.25;2.25;72;0.072;0.319;0.609
CONCEPCIÓN;0.46;2448;64.86;0.823;17.19;2.29;0.369;140870.7;231.76;46.89;46.84;12.69;24.52;44.69;193.28;51.74;59.26;76.29;52.09;96.25;12.37;21.2;7.85;276;0.148;0.497;0.354
COMILLAS;0.89;2273;66.47;0.841;20.25;2.35;0.346;117626.64;331.62;46.67;46.22;11.56;24.49;39.02;211.91;47.19;56.37;85.23;48.05;102.84;16.09;26.26;11.73;194;0.224;0.552;0.224
COLINA;0.27;2724;96.18;0.82;6.54;2.47;0.315;281069.08;109.38;44.9;45.53;15.45;22.95;30.68;148.52;67.33;62.34;70.02;58.13;97.39;9.59;15.93;4.9;77;0.082;0.357;0.562
CIUDAD UNIVERSITARIA;0.02;3470;107.13;0.875;0.57;2.65;0.307;431075.95;11.26;46.01;46.13;12.91;25.3;33.85;196.04;51.01;61.84;89.76;59.24;95.02;9.49;14.81;6.58;159;0.074;0.316;0.61
CIUDAD JARDÍN;0.72;3924;79.11;0.73;19.51;2.35;0.356;221773.04;240.31;45.87;45.29;12.47;23.17;37.5;185.78;53.83;55.39;83.92;43.73;112.48;10.98;18.76;7.27;268;0.098;0.409;0.494
CHOPERA;1.76;3340;68.67;0.819;15.76;2.35;0.345;138885.8;348.09;46.6;45.67;10.83;23.4;39.83;216.12;46.27;52.04;85.75;41.47;132.58;13;23.03;10.04;262;0.166;0.51;0.324
CASTILLEJOS;1.06;3745;87.12;0.578;26.31;2.19;0.403;238703.83;283.56;46.86;45.61;9.98;24.25;38.02;242.86;41.18;52.05;94.18;40.36;120.67;14.23;22.36;10.18;389;0.102;0.4;0.498
CASTILLA;0.13;3590;108.89;0.556;4.45;2.55;0.316;240972.52;76.8;45.26;45.24;13.02;22.47;39.72;172.56;57.95;55.01;89.39;55.93;94.25;7.96;13.76;4.51;140;0.08;0.336;0.584
CASTELLANA;1.19;6448;127.95;0.422;29.52;2.47;0.381;471566.84;220.02;45.14;44.17;12;22.73;36.38;189.37;52.81;53.2;100.38;46.9;117.73;15.47;23.28;8.62;273;0.061;0.327;0.612
CASCO HISTÓRICO DE VICÁLVARO;0.01;2147;60.66;0.853;0.62;2.82;0.211;122089.78;15.71;38.34;41.22;21.59;10.99;28.01;50.9;196.47;48.33;60.92;126.66;67.44;9.36;13.94;5.16;343;0.18;0.541;0.28
CASCO HISTÓRICO DE VALLECAS;0.01;1731;69.14;0.633;1.05;2.55;0.297;110707.08;16.26;36.4;37.39;21.78;9.98;32.45;45.81;218.27;46.54;105.41;100.12;122.15;11.12;17.34;7.26;524;0.202;0.55;0.248
CASCO HISTÓRICO DE BARAJAS;0.49;2993;69.7;0.902;9.47;2.4;0.314;124499.02;133.11;44.26;43.2;11.72;18.28;36.28;156.01;64.1;42.86;88.2;40.8;118.01;16.87;25.68;9.72;69;0.23;0.597;0.174
CASA DE CAMPO;0.04;3469;81.28;0.671;0.42;2.32;0.358;170746.18;7.35;48.17;49.04;10.55;25.03;44.74;237.2;42.16;55.23;70.35;47.81;119.44;7.69;12.67;4.01;134;0.129;0.412;0.459
CANILLEJAS;0.04;2033;78.67;0.892;8.98;2.62;0.25;117853.16;177.9;45.52;45.72;12.89;22.95;33.15;178;56.18;55.85;79.11;59.68;93.61;13.25;20.82;7.74;272;0.256;0.552;0.192
CANILLAS;0.14;2713;89.42;0.752;7.93;2.55;0.252;191232.65;160.55;46.92;47.82;12.32;25.93;29.38;210.53;47.5;61.93;74.51;52.25;95.67;7.91;13.02;4.45;314;0.202;0.485;0.313
CAMPAMENTO;0.03;1949;77.29;0.817;0.83;2.58;0.277;109241.09;20.42;45.93;45.64;12.71;24.05;34.18;189.27;52.84;58.11;82.61;51.72;98.31;16.3;24.46;11.26;201;0.224;0.54;0.236
BUTARQUE;0.01;1840;75.47;0.991;0.53;2.82;0.21;85467.54;27.05;35.48;38.25;24.84;8.56;24.17;34.49;289.98;50.15;77.13;100.73;75.21;11.99;19.47;8;118;0.173;0.624;0.204
BUENAVISTA;0.04;1643;68.92;0.729;3.8;2.71;0.248;114460.05;80.61;38.97;40.77;21.29;13.9;32.52;65.3;153.14;54.31;69.94;113.72;79.69;11.15;17.6;7.1;450;0.192;0.573;0.235
BERRUGUETE;0.92;2712;60.44;0.933;24.05;2.41;0.362;115444.97;400.52;42.61;41.58;13.46;17.01;39.89;126.41;79.11;43.82;93.57;65.09;106.16;21.8;33.66;18.03;322;0.183;0.533;0.284
BELLAS VISTAS;1.05;2753;61.69;0.887;23.74;2.44;0.369;126683.64;396.54;43.49;42;12.52;18.65;37.63;148.99;67.12;45.28;98.47;54.19;108.17;21.44;34.32;17.72;363;0.171;0.507;0.322
ATOCHA;0.2;3529;76.25;0.21;3.82;2.64;0.269;181652.48;15.07;37.94;41.07;22.27;9.38;25.96;42.11;237.5;46.31;61.28;87.72;91.89;4.06;9.02;1.98;4;0.109;0.531;0.36
ATALAYA;0.04;4979;129.84;0.617;2.41;2.76;0.299;154708.65;62.76;43.88;45.17;17.09;22.47;28.49;131.46;76.07;65.47;70.09;75.82;98.73;9.99;15.36;4.67;19;0.048;0.369;0.583
ARGÜELLES;3.72;4528;105.76;0.61;25.46;2.31;0.384;289869.53;315.91;47.21;46.56;10.24;24.97;38.72;243.82;41.01;54.35;87.16;40.55;118.18;11.94;18.69;7.05;382;0.083;0.35;0.567
ARCOS;0.11;1817;72.47;0.673;2.95;2.67;0.26;121653.85;181.96;43.19;44.1;16.46;18.5;44.71;112.35;89.01;53.76;66.98;95.63;83.62;8.13;15.57;5.47;247;0.291;0.548;0.16
ARAVACA;0.04;3824;132.6;0.758;1.3;3.12;0.198;438244.02;44.05;39.25;41.03;21.14;14.02;26.57;66.3;150.83;54.22;72.52;107;83.42;9.21;14.26;4.34;600;0.084;0.316;0.6
ARAPILES;2.85;4530;82.71;0.641;30.14;2.19;0.405;226079.19;418.16;46.4;45.01;10.85;24.19;37.89;222.99;44.85;53.94;96.09;41.8;113.91;10.51;17.75;5.88;335;0.1;0.37;0.53
APÓSTOL SANTIAGO;0.12;2269;94.5;0.923;2.92;2.64;0.262;172647.02;125.92;45.26;46.69;12.94;20.98;37.73;162.15;61.67;51.32;71.01;75.45;90.34;7.25;14.3;4.55;102;0.175;0.525;0.3
ÁNGELES;0.08;1551;74.31;0.882;4.48;2.56;0.262;125206.42;156.31;47.5;47.98;12.39;27.37;38.3;220.83;45.28;66;76.67;60.02;86.86;13.49;22.37;10.21;259;0.302;0.552;0.147
AMPOSTA;0.03;2075;59.11;0.762;11.37;2.47;0.318;69550.63;221.61;44.91;44.79;14.54;21.85;52.76;150.29;66.54;57.21;84.61;76.61;94.46;12.33;23.18;9.27;151;0.348;0.566;0.086
AMBROZ;0.01;1611;70.03;0.934;0.56;2.55;0.264;111498.4;75.95;45.18;44.68;14.21;24.51;35.87;172.52;57.96;63.17;85.27;93.07;84.44;15.98;23.61;7.47;535;0.354;0.547;0.099
ALUCHE;0.14;1953;71.17;0.885;9.09;2.48;0.271;108055.45;229.16;48.42;48.5;11.51;30.37;29.13;263.86;37.9;72.08;79.06;56.7;95.04;13.85;22.1;9.34;652;0.252;0.533;0.215
ALMENDRALES;0.58;1829;71.13;0.786;14.54;2.73;0.286;103594.38;263.09;42.28;41.88;15.16;17.36;44.81;114.52;87.32;48.21;86.64;90.88;94.66;25.14;37.05;22.2;208;0.286;0.569;0.145
ALMENARA;0.58;2729;82.75;0.856;14.68;2.41;0.348;144459.85;219.96;44.93;43.82;12.42;20.84;47.36;167.77;59.61;49.82;91.42;65.99;101.46;12.41;21.89;9.78;310;0.245;0.485;0.269
ALMAGRO;1.74;5676;136.35;0.465;23.96;2.47;0.377;505961.91;210.01;46.08;45.62;12.09;23.82;37.86;197.1;50.74;56.04;87.24;53.48;115.93;12.61;20.32;6.65;291;0.067;0.341;0.592
ALAMEDA DE OSUNA;0.11;2884;99.82;0.736;2.42;2.73;0.205;206590.93;98.39;43.88;44.64;17.4;23.9;16.03;137.39;72.79;70.37;70.52;59.17;89.74;5.36;10.76;2.24;158;0.07;0.441;0.489
ÁGUILAS;0.04;1861;73.64;0.691;4.21;2.47;0.266;131822.93;141.15;47.89;48.38;12.21;28.35;30.72;232.11;43.08;68.23;69.62;60.32;93.51;9.85;16.1;6.52;471;0.276;0.539;0.184
AEROPUERTO;0.2;3291;58.06;0.32;0.23;2.65;0.289;178100.56;0.6;41.6;41.71;15.13;15.08;44.98;99.63;100.37;43.29;83.36;89.02;88.54;18.05;26.96;12.72;18;0.29;0.609;0.101
ADELFAS;0.75;3621;85.45;0.85;7.93;2.43;0.314;188392.84;283.23;44.63;44.59;13.74;20.12;32.31;146.49;68.26;51.19;76.4;40.44;108.08;6.54;11.16;3.96;251;0.116;0.408;0.476
ACACIAS;1.29;3724;72.88;0.859;12.69;2.4;0.319;173656.9;341.57;45.84;46.45;11.31;21.34;31.75;188.76;52.98;48.48;80.08;44.39;107.07;6.42;10.86;3.83;66;0.122;0.397;0.481
ABRANTES;0.12;1644;73.1;0.884;5.96;2.72;0.262;97425.65;187.74;42.56;42.91;17.09;18.73;38.51;109.64;91.2;55.82;74.29;78.08;82.82;16.33;26.87;12.66;153;0.258;0.569;0.173
ENSANCHE DE VALLECAS;0.01;1821;67.53;0.668;7.4;2.44;0.327;95392.62;68.78;32.73;36.3;25.2;4.05;28.16;16.06;622.78;41.34;107.76;122.58;127.9;8.6;14.97;5.57;2693;0.08;0.532;0.388
CHAMBERÍ;1.96;4811;87.39;0.643;23.31;2.25;0.397;290758.04;293.64;46.49;45.43;11.11;24.24;38.53;218.21;45.83;54.67;92.14;43.12;110.82;10.41;17.26;5.69;2111;0.084;0.351;0.565
