N_ANNO;DISTRITO;Nombre_Barrio;RATIO_AIRBNB_HECTAREA;PRECIO_M2;SUPERFCIE_M2;RATIO_PUERTA;RATIO_LOCAL_HECTAREA;TAM_HOGAR_MEDIO;RATIO_HOGARES_1PER;HIPOT_MEDIA;DENSIDAD_HAB;EDAD_PROMEDIO;EDAD_MEDIANA;PROPOR_ENVEJECIMIENTO;PROPOR_DESOBREENVEJECIMIENTO;IND_ENVEJECIMIENTO;IND_JUVENTUD;IND_DEPENDENCIA;IND_ESTRUCTURA_POBLA_ACTIVA;RZ_PROGRESIVIDAD_DEMO;PROPOR_EXTRANJEROS;PROPOR_NACIDOS_FUERA_ESPAÑA;PROPOR_INMIG_EXTRANJ;TOTAL_COMPRAVENTA;SIN_ESTUDIOS;CLUSTER_JERAR;CLUSTER_KNN
2017;CARABANCHEL;ABRANTES;0.12;1644;73.1;0.884;5.96;2.72;0.262;97425.65;187.74;42.56;42.91;18.73;38.51;109.64;91.2;55.82;74.29;82.82;16.33;26.87;12.66;153;0.258;0;0
2019;CARABANCHEL;ABRANTES;0.12;1883;70.14;0.881;6.01;2.79;0.254;107708.87;196.47;42.54;43.09;17.95;38.14;109.74;91.12;52.24;75.67;84.1;19.62;31.1;15.71;161;0.234;0;0
2018;CARABANCHEL;ABRANTES;0.12;1896;70.65;0.881;6.01;2.73;0.261;106418.73;190.27;42.66;43.17;18.45;38.26;110.64;90.38;54.12;73.57;80.35;17.68;28.7;13.87;182;0.248;0;0
2016;CARABANCHEL;ABRANTES;0.12;1466;68.15;0.885;5.94;2.7;0.264;94900.12;185.88;42.54;42.63;19;38.01;111.73;89.5;56.25;77.56;83.81;15.81;25.97;12.11;105;0.269;0;0
2017;ARGANZUELA;ACACIAS;1.29;3724;72.88;0.859;12.69;2.4;0.319;173656.9;341.57;45.84;46.45;21.34;31.75;188.76;52.98;48.48;80.08;107.07;6.42;10.86;3.83;66;0.122;0;0
2019;ARGANZUELA;ACACIAS;1.29;4188;64.66;0.855;12.87;2.38;0.32;184912.46;342.68;46.43;46.99;22.68;29.93;210.81;47.44;50.25;79.97;110.41;7.01;11.57;4.07;32;0.109;0;0
2018;ARGANZUELA;ACACIAS;1.29;4046;72.77;0.856;12.85;2.39;0.32;170193.68;342.37;46.12;46.7;22.07;30.95;199.21;50.2;49.59;79.94;109.01;6.54;11.07;3.8;61;0.115;0;0
2016;ARGANZUELA;ACACIAS;1.29;3193;66.9;0.863;12.59;2.4;0.319;132917.57;341.05;45.55;46.18;20.6;31.68;179.08;55.84;47.28;78.86;107.1;6.48;10.98;3.85;42;0.126;0;0
2017;RETIRO;ADELFAS;0.75;3621;85.45;0.85;7.93;2.43;0.314;188392.84;283.23;44.63;44.59;20.12;32.31;146.49;68.26;51.19;76.4;108.08;6.54;11.16;3.96;251;0.116;0;0
2019;RETIRO;ADELFAS;0.75;4213;73.97;0.838;8.11;2.43;0.307;215458.34;288.3;44.98;45;21.28;30.44;156.28;63.99;53.62;75.13;100.76;7.05;11.48;4.33;310;0.104;0;0
2018;RETIRO;ADELFAS;0.75;4074;74.02;0.843;8.05;2.42;0.313;181834.09;286.29;44.76;44.71;20.7;31.21;151.21;66.13;52.41;75.44;107.8;6.45;11.07;3.86;159;0.109;0;0
2016;RETIRO;ADELFAS;0.75;3180;87.32;0.857;7.87;2.44;0.309;162095.34;279.83;44.34;44.25;19.54;31.83;142.57;70.14;49.79;78.83;110.08;6.48;10.99;3.96;211;0.123;0;0
2017;BARAJAS;AEROPUERTO;0.2;3291;58.06;0.32;0.23;2.65;0.289;178100.56;0.6;41.6;41.71;15.08;44.98;99.63;100.37;43.29;83.36;88.54;18.05;26.96;12.72;18;0.29;0;0
2019;BARAJAS;AEROPUERTO;0.2;3291;89.43;0.307;0.24;2.69;0.284;190252.61;0.62;41.71;41.93;15.07;43.37;95.55;104.66;44.61;79.52;92.23;20.37;29.98;15.13;14;0.26;0;0
2018;BARAJAS;AEROPUERTO;0.2;3291;51.26;0.312;0.24;2.66;0.271;222191.99;0.61;41.85;41.77;15.44;44.4;102.21;97.83;43.98;84.59;97.83;19.34;28.54;13.82;19;0.269;0;0
2016;BARAJAS;AEROPUERTO;0.2;3291;51.6;0.328;0.22;2.6;0.293;168521.31;0.6;41.63;41.9;15.11;42.32;99.63;100.37;43.43;80.38;101.11;16.92;25.41;11.71;15;0.306;0;0
2017;LATINA;ÁGUILAS;0.04;1861;73.64;0.691;4.21;2.47;0.266;131822.93;141.15;47.89;48.38;28.35;30.72;232.11;43.08;68.23;69.62;93.51;9.85;16.1;6.52;471;0.276;0;0
2019;LATINA;ÁGUILAS;0.04;2125;69.77;0.688;4.29;2.48;0.274;125978.14;142.83;48.04;48.69;27.98;33.9;230.67;43.35;66.98;68.58;95.57;11.52;18.28;7.95;402;0.255;0;0
2018;LATINA;ÁGUILAS;0.04;2041;69.41;0.689;4.27;2.47;0.272;110367.38;141.57;48;48.54;28.24;32.18;232.78;42.96;67.7;68.85;91.97;10.45;16.97;7.01;424;0.267;0;0
2016;LATINA;ÁGUILAS;0.04;1697;80.21;0.707;4.17;2.48;0.264;111857.46;141.38;47.65;47.97;28.37;28.2;233.65;42.8;68.09;72.21;91.65;9.64;15.79;6.24;380;0.285;0;0
2017;BARAJAS;ALAMEDA DE OSUNA;0.11;2884;99.82;0.736;2.42;2.73;0.205;206590.93;98.39;43.88;44.64;23.9;16.03;137.39;72.79;70.37;70.52;89.74;5.36;10.76;2.24;158;0.07;0;0
2019;BARAJAS;ALAMEDA DE OSUNA;0.11;3273;92.69;0.708;2.54;2.69;0.215;177355.96;99.1;44.98;46.04;25.63;18.74;153.72;65.05;73.33;65.44;80.45;5.65;11.08;2.59;288;0.066;0;0
2018;BARAJAS;ALAMEDA DE OSUNA;0.11;3185;118.57;0.712;2.52;2.71;0.212;248821.57;98.69;44.46;45.36;24.96;17.51;146.91;68.07;72.27;68.15;89.79;5.37;10.84;2.41;216;0.067;0;0
2016;BARAJAS;ALAMEDA DE OSUNA;0.11;2602;83.95;0.736;2.43;2.73;0.202;188663.69;98.08;43.61;44.17;23.04;15.81;134.34;74.44;67.19;73.01;85.51;5.61;11.05;2.24;227;0.073;0;0
2017;CHAMBERÍ;ALMAGRO;1.74;5676;136.35;0.465;23.96;2.47;0.377;505961.91;210.01;46.08;45.62;23.82;37.86;197.1;50.74;56.04;87.24;115.93;12.61;20.32;6.65;291;0.067;1;0
2019;CHAMBERÍ;ALMAGRO;1.74;6728;134.44;0.453;24.82;2.45;0.375;587884.85;211.18;46.18;45.74;23.89;36.64;204.05;49.01;55.28;88.56;107.21;13.52;21.05;7.25;245;0.059;1;0
2018;CHAMBERÍ;ALMAGRO;1.74;6175;133.38;0.457;24.6;2.46;0.374;572198.19;211.09;46.16;45.67;23.96;37.18;202.65;49.35;55.73;87.99;110.06;12.81;20.44;6.86;253;0.062;1;0
2016;CHAMBERÍ;ALMAGRO;1.74;4989;107.87;0.474;23.54;2.48;0.379;472890.42;210.05;46.02;45.56;23.74;37.74;192.39;51.98;56.44;86.18;115.89;12.21;19.88;6.56;254;0.072;1;0
2017;TETUÁN;ALMENARA;0.58;2729;82.75;0.856;14.68;2.41;0.348;144459.85;219.96;44.93;43.82;20.84;47.36;167.77;59.61;49.82;91.42;101.46;12.41;21.89;9.78;310;0.245;0;0
2019;TETUÁN;ALMENARA;0.58;3419;81.26;0.828;15.26;2.43;0.35;157192.35;226.56;44.64;43.47;19.87;45.47;164.11;60.93;47.03;91.19;114.49;14.4;24.15;11.11;290;0.22;0;0
2018;TETUÁN;ALMENARA;0.58;3311;75.36;0.83;15.22;2.41;0.348;140028.42;224.35;44.74;43.61;20.25;46.89;164.43;60.81;48.29;90.69;110.57;13.31;22.89;10.37;570;0.232;0;0
2016;TETUÁN;ALMENARA;0.58;2407;82.25;0.862;14.55;2.43;0.347;134909.74;217.83;45.17;44.16;21.62;46.46;172.48;57.98;51.88;90.4;96.44;12.38;21.63;9.59;407;0.26;0;0
2017;USERA;ALMENDRALES;0.58;1829;71.13;0.786;14.54;2.73;0.286;103594.38;263.09;42.28;41.88;17.36;44.81;114.52;87.32;48.21;86.64;94.66;25.14;37.05;22.2;208;0.286;0;0
2019;USERA;ALMENDRALES;0.58;2180;72.16;0.785;14.64;2.8;0.28;204809.99;274.81;41.83;41.43;16.29;44.12;106.59;93.82;46.15;88.86;96.36;27.38;39.9;24.41;173;0.255;0;0
2018;USERA;ALMENDRALES;0.58;2012;70.18;0.786;14.61;2.75;0.287;108470.96;269;42.15;41.74;16.83;45.16;111.84;89.41;46.8;87.41;97.83;26.19;38.61;23.33;211;0.269;0;0
2016;USERA;ALMENDRALES;0.58;1642;69.84;0.788;14.47;2.74;0.283;90572.16;261.76;42.12;41.52;17.8;43.82;113.56;88.06;50.32;90.03;99.41;24.1;35.69;21.17;136;0.296;0;0
2017;LATINA;ALUCHE;0.14;1953;71.17;0.885;9.09;2.48;0.271;108055.45;229.16;48.42;48.5;30.37;29.13;263.86;37.9;72.08;79.06;95.04;13.85;22.1;9.34;652;0.252;0;0
2019;LATINA;ALUCHE;0.14;2212;70.1;0.884;9.13;2.49;0.277;142775.15;232.83;48.49;48.59;29.91;32.16;262.47;38.1;70.39;78.65;93.37;16.03;24.7;11.43;541;0.232;0;0
2018;LATINA;ALUCHE;0.14;2067;73.43;0.884;9.12;2.49;0.273;128577.94;231.46;48.44;48.49;30.15;30.76;263.03;38.02;71.29;79.12;94.2;15;23.52;10.43;692;0.243;0;0
2016;LATINA;ALUCHE;0.14;1676;72.25;0.886;9.07;2.5;0.268;97845.77;230.67;48.12;48.05;30.14;27.32;261.87;38.19;71.38;82.06;97.7;13.74;21.75;9.22;458;0.26;0;0
2017;VICÁLVARO;AMBROZ;0.01;1611;70.03;0.934;0.56;2.55;0.264;111498.4;75.95;45.18;44.68;24.51;35.87;172.52;57.96;63.17;85.27;84.44;15.98;23.61;7.47;535;0.354;0;0
2016;VICÁLVARO;AMBROZ;0.01;1408;73.77;0.934;0.56;2.58;0.26;113258.77;76.32;45.05;44.27;24.72;33.22;175.11;57.11;63.48;89.77;88.44;16.18;23.41;7.67;446;0.364;0;0
2017;SAN BLAS-CANILLEJAS;AMPOSTA;0.03;2075;59.11;0.762;11.37;2.47;0.318;69550.63;221.61;44.91;44.79;21.85;52.76;150.29;66.54;57.21;84.61;94.46;12.33;23.18;9.27;151;0.348;0;0
2016;SAN BLAS-CANILLEJAS;AMPOSTA;0.03;1336;59.94;0.762;11.37;2.49;0.317;71678.86;220.77;45.07;44.88;22.62;50.62;155.25;64.41;59.21;84.88;98.73;11.87;22;9.04;136;0.365;0;0
2019;SAN BLAS-CANILLEJAS;AMPOSTA;0.03;2073;58.29;0.757;11.45;2.55;0.31;85897.54;231.6;43.84;43.58;19.37;53.16;127.67;78.33;52.77;84.64;96.9;16.07;28.15;12.49;136;0.311;0;0
2018;SAN BLAS-CANILLEJAS;AMPOSTA;0.03;2075;60.03;0.759;11.42;2.5;0.313;79896.02;225.42;44.23;44.1;20.36;53.44;136.25;73.4;54.56;84.17;89.51;14.16;25.66;10.71;151;0.329;0;0
2017;VILLAVERDE;ÁNGELES;0.08;1551;74.31;0.882;4.48;2.56;0.262;125206.42;156.31;47.5;47.98;27.37;38.3;220.83;45.28;66;76.67;86.86;13.49;22.37;10.21;259;0.302;0;0
2019;VILLAVERDE;ÁNGELES;0.08;1842;89.97;0.881;4.53;2.59;0.266;137815.02;161.06;47.29;47.65;26.54;40.98;217.31;46.02;63.28;78.93;100.26;15.98;25.54;12.57;693;0.275;0;0
2018;VILLAVERDE;ÁNGELES;0.08;1648;79.95;0.88;4.52;2.58;0.264;124078.22;157.51;47.52;48;27.19;40.22;219.87;45.48;65.45;77.34;93.07;14.48;23.61;11.21;385;0.29;0;0
2016;VILLAVERDE;ÁNGELES;0.08;1404;75.9;0.882;4.47;2.57;0.265;111087.11;156.19;47.34;47.66;27.35;36.02;222.14;45.02;65.72;78.98;85.52;13.22;21.87;9.92;183;0.311;0;0
2017;HORTALEZA;APÓSTOL SANTIAGO;0.12;2269;94.5;0.923;2.92;2.64;0.262;172647.02;125.92;45.26;46.69;20.98;37.73;162.15;61.67;51.32;71.01;90.34;7.25;14.3;4.55;102;0.175;0;0
2019;HORTALEZA;APÓSTOL SANTIAGO;0.12;2850;85.9;0.924;2.95;2.66;0.266;196221.72;127.94;45.36;46.87;20.77;36.59;163.67;61.1;50.3;72.2;87.19;9.1;16.19;6.11;120;0.159;0;0
2018;HORTALEZA;APÓSTOL SANTIAGO;0.12;2625;94.11;0.924;2.95;2.65;0.262;187998.58;126.72;45.37;46.92;20.95;37.34;162.77;61.44;51.12;70.43;89;7.83;14.83;5.15;131;0.167;0;0
2016;HORTALEZA;APÓSTOL SANTIAGO;0.12;2074;90.61;0.923;2.92;2.66;0.255;171843.77;126.57;44.95;46.35;20.88;37.21;155.67;64.24;52.2;71.96;92.57;6.92;13.74;4.21;88;0.184;0;0
2017;CHAMBERÍ;ARAPILES;2.85;4530;82.71;0.641;30.14;2.19;0.405;226079.19;418.16;46.4;45.01;24.19;37.89;222.99;44.85;53.94;96.09;113.91;10.51;17.75;5.88;335;0.1;1;0
2019;CHAMBERÍ;ARAPILES;2.85;4996;76.04;0.635;30.68;2.18;0.41;278617.83;422.93;46.11;44.32;24.09;36.03;225.4;44.37;53.33;100.79;110.6;11.23;18.5;6.16;293;0.086;1;0
2018;CHAMBERÍ;ARAPILES;2.85;4855;77.36;0.636;30.61;2.19;0.405;250068.54;420.85;46.24;44.62;24.04;37.2;222.23;45;53.49;98.2;118.75;10.67;17.85;5.79;366;0.093;1;0
2016;CHAMBERÍ;ARAPILES;2.85;3885;78.92;0.642;30.04;2.2;0.402;187606.99;415.82;46.54;45.21;24.26;38.44;227.19;44.02;53.68;96.87;115.06;10.35;17.59;6.07;359;0.107;1;0
2017;MONCLOA-ARAVACA;ARAVACA;0.04;3824;132.6;0.758;1.3;3.12;0.198;438244.02;44.05;39.25;41.03;14.02;26.57;66.3;150.83;54.22;72.52;83.42;9.21;14.26;4.34;600;0.084;0;0
2019;MONCLOA-ARAVACA;ARAVACA;0.04;3742;160.61;0.746;1.33;3.15;0.192;429357.79;45.98;39.81;41.42;14.96;26.66;73.95;135.23;54.32;74.54;84.27;9.83;15.05;4.85;205;0.074;0;0
2018;MONCLOA-ARAVACA;ARAVACA;0.04;4198;120.01;0.752;1.32;3.13;0.196;260834.54;44.82;39.43;41.17;14.43;26.14;69.33;144.25;54.4;73.46;84.85;9.31;14.36;4.58;521;0.078;0;0
2016;MONCLOA-ARAVACA;ARAVACA;0.04;3365;150.41;0.762;1.28;3.14;0.196;339714.96;43.82;38.87;40.62;13.5;26.6;62.85;159.11;53.79;73.35;83.79;9.25;14.5;4.33;310;0.09;0;0
2017;SAN BLAS-CANILLEJAS;ARCOS;0.11;1817;72.47;0.673;2.95;2.67;0.26;121653.85;181.96;43.19;44.1;18.5;44.71;112.35;89.01;53.76;66.98;83.62;8.13;15.57;5.47;247;0.291;0;0
2019;SAN BLAS-CANILLEJAS;ARCOS;0.11;2130;69.09;0.666;3;2.7;0.255;125327.1;185.5;43.38;44.62;18.05;45.16;115.74;86.4;50.69;69.23;82.32;9.73;17.69;6.82;206;0.266;0;0
2018;SAN BLAS-CANILLEJAS;ARCOS;0.11;2084;69.42;0.671;2.98;2.67;0.26;103773.27;183.41;43.28;44.45;18.21;45.28;112.17;89.15;52.56;66.71;84.13;8.7;16.35;5.96;240;0.278;0;0
2016;SAN BLAS-CANILLEJAS;ARCOS;0.11;1557;74.36;0.673;2.95;2.66;0.255;110659.79;180.39;43.04;43.71;18.65;42.56;111.36;89.8;54.79;67.74;75.18;7.94;15.08;5.36;202;0.301;0;0
2017;MONCLOA-ARAVACA;ARGÜELLES;3.72;4528;105.76;0.61;25.46;2.31;0.384;289869.53;315.91;47.21;46.56;24.97;38.72;243.82;41.01;54.35;87.16;118.18;11.94;18.69;7.05;382;0.083;1;0
2019;MONCLOA-ARAVACA;ARGÜELLES;3.72;4957;107.27;0.598;26.07;2.32;0.38;322871.5;318.05;47.28;46.75;25.03;38.1;251.71;39.73;53.79;87.8;109.97;12.42;19.55;7.14;235;0.071;1;0
2018;MONCLOA-ARAVACA;ARGÜELLES;3.72;4739;104.52;0.601;25.98;2.31;0.38;354072.27;316.71;47.31;46.76;25.2;38.59;250.66;39.89;54.45;86.95;119.15;11.82;18.91;6.72;361;0.077;1;0
2016;MONCLOA-ARAVACA;ARGÜELLES;3.72;3944;105.58;0.618;25.12;2.33;0.381;305564.5;315.96;47.19;46.36;24.96;39.54;249.08;40.15;53.78;90.15;115.9;12.05;18.87;7.05;373;0.089;1;0
2017;CIUDAD LINEAL;ATALAYA;0.04;4979;129.84;0.617;2.41;2.76;0.299;154708.65;62.76;43.88;45.17;22.47;28.49;131.46;76.07;65.47;70.09;98.73;9.99;15.36;4.67;19;0.048;0;0
2019;CIUDAD LINEAL;ATALAYA;0.04;4979;76.09;0.633;2.41;2.78;0.306;254224.47;63;44.05;45.99;22.9;28.69;137.02;72.98;65.58;67.61;102.5;10.2;16.26;5.36;23;0.04;0;0
2018;CIUDAD LINEAL;ATALAYA;0.04;4979;87;0.633;2.41;2.81;0.293;263290.82;63.28;43.5;45.19;22.54;29.01;125;80;68.27;71.43;107.41;10.1;16;4.83;115;0.043;0;0
2016;CIUDAD LINEAL;ATALAYA;0.04;4979;90.73;0.617;2.41;2.73;0.296;135739.95;63.08;43.2;44.37;21.66;29.12;125;80;63.88;74.5;93.1;10.38;15.86;4.84;15;0.048;0;0
2017;ARGANZUELA;ATOCHA;0.2;3529;76.25;0.21;3.82;2.64;0.269;181652.48;15.07;37.94;41.07;9.38;25.96;42.11;237.5;46.31;61.28;91.89;4.06;9.02;1.98;4;0.109;0;0
2019;ARGANZUELA;ATOCHA;0.2;3983;74.09;0.193;4.15;2.77;0.245;222079.51;15.97;38.63;41.93;9.62;29.2;46.69;214.16;43.29;61.74;110;5.53;10.38;2.98;6;0.096;0;0
2018;ARGANZUELA;ATOCHA;0.2;3919;73.97;0.195;4.11;2.77;0.247;192194.47;15.84;37.98;40.9;9.79;26.32;45.06;221.93;45.99;64.88;88.46;5.92;10.99;3.35;4;0.101;0;0
2016;ARGANZUELA;ATOCHA;0.2;3013;74.55;0.239;3.36;2.66;0.252;168249.19;15.1;37.54;40.28;9.54;23.58;41.25;242.45;48.53;64.4;78.57;4.86;9.09;2.34;5;0.111;0;0
2017;TETUÁN;BELLAS VISTAS;1.05;2753;61.69;0.887;23.74;2.44;0.369;126683.64;396.54;43.49;42;18.65;37.63;148.99;67.12;45.28;98.47;108.17;21.44;34.32;17.72;363;0.171;0;0
2019;TETUÁN;BELLAS VISTAS;1.05;3365;63.58;0.883;23.95;2.46;0.367;145765.33;407.54;43.41;41.92;18.38;35.19;153.76;65.04;43.54;100.03;118.52;22.82;35.52;18.84;337;0.149;0;0
2018;TETUÁN;BELLAS VISTAS;1.05;3354;59.51;0.884;23.91;2.44;0.369;144877.64;402;43.46;42;18.55;36.56;151.03;66.21;44.57;98.88;113.01;21.93;34.94;18.17;463;0.16;0;0
2016;TETUÁN;BELLAS VISTAS;1.05;2426;61.65;0.888;23.62;2.45;0.366;134933.23;394.45;43.64;42.16;18.83;37.81;152.31;65.66;45.32;97.66;94.02;21.41;34.05;17.65;297;0.18;0;0
2017;TETUÁN;BERRUGUETE;0.92;2712;60.44;0.933;24.05;2.41;0.362;115444.97;400.52;42.61;41.58;17.01;39.89;126.41;79.11;43.82;93.57;106.16;21.8;33.66;18.03;322;0.183;0;0
2019;TETUÁN;BERRUGUETE;0.92;3263;60.68;0.931;24.23;2.44;0.362;142414.31;411.93;42.66;41.5;16.64;39.36;132.21;75.64;41.31;96.55;107.39;24.05;36.29;19.67;342;0.164;0;0
2018;TETUÁN;BERRUGUETE;0.92;2982;60.71;0.933;24.18;2.43;0.364;132466.66;405.36;42.66;41.64;16.8;39.51;129.52;77.21;42.37;94.33;106.98;22.8;35.02;18.79;303;0.174;0;0
2016;TETUÁN;BERRUGUETE;0.92;2394;61.37;0.933;24.02;2.43;0.358;104797.17;398.61;42.56;41.41;17.14;39.83;127.63;78.35;44.04;95.42;114.3;21.27;33.03;17.35;252;0.191;0;0
2017;CARABANCHEL;BUENAVISTA;0.04;1643;68.92;0.729;3.8;2.71;0.248;114460.05;80.61;38.97;40.77;13.9;32.52;65.3;153.14;54.31;69.94;79.69;11.15;17.6;7.1;450;0.192;0;0
2019;CARABANCHEL;BUENAVISTA;0.04;1982;74.58;0.715;3.9;2.74;0.248;121010.78;83.83;39.58;41.5;13.8;34.27;67.37;148.44;52.15;65.37;72.5;13.11;20.03;8.99;360;0.175;0;0
2018;CARABANCHEL;BUENAVISTA;0.04;1888;67.75;0.718;3.88;2.73;0.246;116109.38;82.33;39.24;41.13;13.81;33.54;65.63;152.37;53.48;66.79;76.23;12.06;18.76;7.98;428;0.185;0;0
2016;CARABANCHEL;BUENAVISTA;0.04;1480;75.26;0.736;3.75;2.71;0.247;116737.22;78.98;38.77;40.29;14.13;31.03;66.39;150.61;54.84;76.22;86.97;10.63;16.81;6.69;397;0.2;0;0
2017;VILLAVERDE;BUTARQUE;0.01;1840;75.47;0.991;0.53;2.82;0.21;85467.54;27.05;35.48;38.25;8.56;24.17;34.49;289.98;50.15;77.13;75.21;11.99;19.47;8;118;0.173;0;0
2019;VILLAVERDE;BUTARQUE;0.01;2143;91.67;0.983;0.54;2.86;0.208;85365.11;29.6;35.88;38.69;8.76;24.74;35.25;283.73;50.63;70.25;73.21;13.93;22.19;9.68;536;0.163;0;0
2018;VILLAVERDE;BUTARQUE;0.01;1803;66.14;0.983;0.54;2.86;0.206;140595.84;28.65;35.49;38.32;8.58;24.74;34.12;293.11;50.93;72.99;74.05;13.33;21.08;9.19;217;0.168;0;0
2016;VILLAVERDE;BUTARQUE;0.01;1772;75.86;0.991;0.53;2.83;0.207;117172.34;26.05;35.13;37.69;8.4;23.87;33.69;296.85;50;86.44;78.3;11.77;18.83;8.03;276;0.177;0;0
2017;LATINA;CAMPAMENTO;0.03;1949;77.29;0.817;0.83;2.58;0.277;109241.09;20.42;45.93;45.64;24.05;34.18;189.27;52.84;58.11;82.61;98.31;16.3;24.46;11.26;201;0.224;0;0
2019;LATINA;CAMPAMENTO;0.03;2237;71.63;0.816;0.83;2.61;0.278;125208.63;20.98;45.83;45.54;23.95;37.25;182.63;54.75;58.87;82.52;101.27;18.63;27.27;13.49;185;0.204;0;0
2018;LATINA;CAMPAMENTO;0.03;2174;78.17;0.816;0.83;2.59;0.276;127179.51;20.65;45.9;45.63;24.01;36.23;185.24;53.98;58.64;82.05;100.9;17.04;25.72;11.99;207;0.214;0;0
2016;LATINA;CAMPAMENTO;0.03;1770;74.04;0.817;0.83;2.6;0.269;121243.77;20.46;45.86;45.42;24.2;31.66;193.25;51.75;58.02;85.46;100.13;15.85;23.7;10.72;141;0.233;0;0
2017;HORTALEZA;CANILLAS;0.14;2713;89.42;0.752;7.93;2.55;0.252;191232.65;160.55;46.92;47.82;25.93;29.38;210.53;47.5;61.93;74.51;95.67;7.91;13.02;4.45;314;0.202;0;0
2019;HORTALEZA;CANILLAS;0.14;3241;85.09;0.748;8.02;2.53;0.261;203575.38;160.86;47.34;48.22;26.27;30.51;214.68;46.58;62.63;72.38;95.01;9.03;14.54;5.22;299;0.184;0;0
2018;HORTALEZA;CANILLAS;0.14;3285;87.18;0.749;8;2.55;0.255;191733.98;161.06;47.12;47.99;26.15;30.19;211.64;47.25;62.6;73.26;93.44;8.49;13.78;4.8;360;0.193;0;0
2016;HORTALEZA;CANILLAS;0.14;2521;81.88;0.752;7.9;2.56;0.252;160357.97;160.87;46.63;47.46;25.52;28.49;205.27;48.72;61.17;76.11;96.58;7.77;12.59;4.25;249;0.209;0;0
2017;SAN BLAS-CANILLEJAS;CANILLEJAS;0.04;2033;78.67;0.892;8.98;2.62;0.25;117853.16;177.9;45.52;45.72;22.95;33.15;178;56.18;55.85;79.11;93.61;13.25;20.82;7.74;272;0.256;0;0
2019;SAN BLAS-CANILLEJAS;CANILLEJAS;0.04;2360;80.56;0.891;9;2.61;0.26;148576.12;178.91;45.77;46.09;23.24;33.71;180.39;55.44;56.54;78.74;98.3;15.12;23.16;9.48;312;0.238;0;0
2018;SAN BLAS-CANILLEJAS;CANILLEJAS;0.04;2100;77.17;0.891;9;2.61;0.254;130141.62;178.5;45.64;45.84;23.16;34.04;180.49;55.41;56.22;79.63;92.07;14.3;21.94;8.75;266;0.247;0;0
2016;SAN BLAS-CANILLEJAS;CANILLEJAS;0.04;1748;79.19;0.896;8.94;2.64;0.245;107098.04;178.24;45.3;45.51;22.78;31.88;175.89;56.85;55.6;80.96;90.5;12.91;20.14;7.59;257;0.264;0;0
2017;MONCLOA-ARAVACA;CASA DE CAMPO;0.04;3469;81.28;0.671;0.42;2.32;0.358;170746.18;7.35;48.17;49.04;25.03;44.74;237.2;42.16;55.23;70.35;119.44;7.69;12.67;4.01;134;0.129;0;0
2019;MONCLOA-ARAVACA;CASA DE CAMPO;0.04;3469;83.48;0.664;0.42;2.32;0.353;228599.27;7.44;48.23;49.3;25.01;43.98;246.88;40.5;54.18;72.49;120.87;8.57;13.7;4.55;108;0.116;0;0
2018;MONCLOA-ARAVACA;CASA DE CAMPO;0.04;3712;88.77;0.667;0.42;2.31;0.356;197544.91;7.39;48.13;49.09;24.91;45.18;242.2;41.29;54.32;72.71;122.63;8.03;13.09;4.27;119;0.123;0;0
2016;MONCLOA-ARAVACA;CASA DE CAMPO;0.04;3012;92.41;0.676;0.41;2.34;0.355;183374.63;7.37;47.99;48.7;24.95;43.83;231.94;43.12;55.55;70.83;110.11;7.61;12.62;4.02;114;0.137;0;0
2017;BARAJAS;CASCO HISTÓRICO DE BARAJAS;0.49;2993;69.7;0.902;9.47;2.4;0.314;124499.02;133.11;44.26;43.2;18.28;36.28;156.01;64.1;42.86;88.2;118.01;16.87;25.68;9.72;69;0.23;0;0
2019;BARAJAS;CASCO HISTÓRICO DE BARAJAS;0.49;3104;74.42;0.9;9.5;2.43;0.308;161594.79;137.7;44.15;43.22;18.31;34.01;152.2;65.7;43.55;86.55;112.59;18.35;27.56;11.45;72;0.203;0;0
2018;BARAJAS;CASCO HISTÓRICO DE BARAJAS;0.49;3242;75.99;0.9;9.5;2.39;0.315;158692.62;133.53;44.41;43.41;18.54;35.66;159.81;62.57;43.14;86.64;113.46;17.28;26.24;10.17;99;0.219;0;0
2016;BARAJAS;CASCO HISTÓRICO DE BARAJAS;0.49;2672;65.21;0.904;9.45;2.41;0.308;99830.22;132.51;44.12;43.01;18.35;36.98;156.62;63.85;43;91.18;119.22;16.32;24.75;9.45;63;0.236;0;0
2017;VILLA DE VALLECAS;CASCO HISTÓRICO DE VALLECAS;0.01;1731;69.14;0.633;1.05;2.55;0.297;110707.08;16.26;36.4;37.39;9.98;32.45;45.81;218.27;46.54;105.41;122.15;11.12;17.34;7.26;524;0.202;0;0
2019;VILLA DE VALLECAS;CASCO HISTÓRICO DE VALLECAS;0.01;2018;78.37;0.618;0.9;2.71;0.255;111565.14;9.36;41.19;41.42;16.52;34.1;95.51;104.7;51.12;83.75;91.18;16.3;23.42;11.52;321;0.304;0;0
2018;VILLA DE VALLECAS;CASCO HISTÓRICO DE VALLECAS;0.01;1913;63.58;0.62;0.89;2.7;0.252;98842.79;9.23;40.96;41.15;16.57;33.69;93.13;107.38;52.34;84.97;89.57;15.05;21.79;10.16;326;0.315;0;0
2016;VILLA DE VALLECAS;CASCO HISTÓRICO DE VALLECAS;0.01;1543;79.49;0.637;1.04;2.54;0.299;115530.41;15.74;36.25;37.01;9.94;31.83;46.39;215.55;45.72;116.3;128.05;10.99;16.98;7.05;895;0.208;0;0
2017;VICÁLVARO;CASCO HISTÓRICO DE VICÁLVARO;0.01;2147;60.66;0.853;0.62;2.82;0.211;122089.78;15.71;38.34;41.22;10.99;28.01;50.9;196.47;48.33;60.92;67.44;9.36;13.94;5.16;343;0.18;0;0
2019;VICÁLVARO;CASCO HISTÓRICO DE VICÁLVARO;0.01;2145;64.89;0.896;0.75;2.64;0.264;143057.53;16.2;43.99;43.71;21.35;37.08;141.88;70.48;57.23;81.58;86.02;19.77;26.96;10.88;273;0.313;0;0
2018;VICÁLVARO;CASCO HISTÓRICO DE VICÁLVARO;0.01;2338;61.54;0.897;0.75;2.62;0.26;134805.48;15.91;44.11;43.78;22.04;35.59;146.7;68.17;58.87;83.07;85.63;18.85;25.66;9.92;311;0.331;0;0
2016;VICÁLVARO;CASCO HISTÓRICO DE VICÁLVARO;0.01;1545;81.09;0.856;0.62;2.84;0.209;119307.7;15.6;37.78;40.55;10.78;26.88;48.44;206.43;49.29;65.08;71.98;9.37;13.98;5.13;295;0.185;0;0
2017;SALAMANCA;CASTELLANA;1.19;6448;127.95;0.422;29.52;2.47;0.381;471566.84;220.02;45.14;44.17;22.73;36.38;189.37;52.81;53.2;100.38;117.73;15.47;23.28;8.62;273;0.061;1;0
2019;SALAMANCA;CASTELLANA;1.19;7118;159.78;0.411;30.71;2.48;0.378;860943.83;221.42;45.22;44.28;23.15;34.17;198.75;50.32;53.39;102.06;114.36;16.44;24.88;8.32;174;0.052;1;0
2018;SALAMANCA;CASTELLANA;1.19;6922;141.03;0.414;30.44;2.47;0.38;664567.71;219.11;45.28;44.36;23.03;34.54;196.92;50.78;53.2;100.09;111.59;15.51;23.66;8;217;0.056;1;0
2016;SALAMANCA;CASTELLANA;1.19;5445;127.44;0.428;28.98;2.47;0.382;597832.72;217.77;45.2;44.09;22.83;35.94;189.69;52.72;53.53;100.04;118.85;14.62;22.2;8.49;258;0.066;1;0
2017;CHAMARTÍN;CASTILLA;0.13;3590;108.89;0.556;4.45;2.55;0.316;240972.52;76.8;45.26;45.24;22.47;39.72;172.56;57.95;55.01;89.39;94.25;7.96;13.76;4.51;140;0.08;0;0
2019;CHAMARTÍN;CASTILLA;0.13;4376;102.9;0.534;4.67;2.54;0.322;246574.2;78.1;45.14;44.91;22.59;37.76;167.13;59.83;56.53;89.89;97.47;8.49;14.7;4.82;125;0.068;0;0
2018;CHAMARTÍN;CASTILLA;0.13;4313;107.3;0.543;4.59;2.56;0.315;339316.09;78.06;45.15;44.9;22.33;39.55;169.23;59.09;55.09;90.24;101.68;8.4;14.33;4.81;142;0.072;0;0
2016;CHAMARTÍN;CASTILLA;0.13;3165;95.85;0.575;4.3;2.57;0.312;307099.29;75.89;45.23;45.2;22.47;40.11;170.68;58.59;55.35;87.9;95.97;7.66;13.46;4.5;138;0.087;0;0
2017;TETUÁN;CASTILLEJOS;1.06;3745;87.12;0.578;26.31;2.19;0.403;238703.83;283.56;46.86;45.61;24.25;38.02;242.86;41.18;52.05;94.18;120.67;14.23;22.36;10.18;389;0.102;1;0
2019;TETUÁN;CASTILLEJOS;1.06;4252;86.35;0.568;27.09;2.19;0.405;249043.96;291.1;46.7;45.15;23.79;37.02;243.32;41.1;50.54;97.42;116.93;15.08;23.42;10.78;272;0.089;1;0
2018;TETUÁN;CASTILLEJOS;1.06;4172;91.63;0.571;26.89;2.2;0.404;262764.19;288.97;46.64;45.1;23.96;37.84;241.53;41.4;51.24;98.12;121.09;14.69;22.98;10.53;282;0.094;1;0
2016;TETUÁN;CASTILLEJOS;1.06;3476;81.45;0.589;25.77;2.21;0.399;193516.66;280.96;46.91;45.81;24.4;37.72;242.35;41.26;52.58;93.01;125.45;13.95;22.02;10.01;393;0.108;1;0
2017;ARGANZUELA;CHOPERA;1.76;3340;68.67;0.819;15.76;2.35;0.345;138885.8;348.09;46.6;45.67;23.4;39.83;216.12;46.27;52.04;85.75;132.58;13;23.03;10.04;262;0.166;1;0
2019;ARGANZUELA;CHOPERA;1.76;3625;64.53;0.801;16.31;2.33;0.347;160408.56;352.12;46.36;45.03;22.83;39.26;211.98;47.17;50.6;87.38;135.58;13.33;23.24;10.03;94;0.145;1;0
2018;ARGANZUELA;CHOPERA;1.76;3727;70.53;0.805;16.2;2.33;0.348;164657.97;348.7;46.54;45.47;23.2;39.42;215.48;46.41;51.45;85.96;137.73;12.98;22.95;10.04;229;0.157;1;0
2016;ARGANZUELA;CHOPERA;1.76;2649;69.8;0.82;15.73;2.37;0.346;135763.76;350.82;46.36;45.35;23.08;39.83;208.95;47.86;51.8;86.68;129.26;13.27;23.3;10.36;165;0.173;1;0
2017;CHAMARTÍN;CIUDAD JARDÍN;0.72;3924;79.11;0.73;19.51;2.35;0.356;221773.04;240.31;45.87;45.29;23.17;37.5;185.78;53.83;55.39;83.92;112.48;10.98;18.76;7.27;268;0.098;1;0
2019;CHAMARTÍN;CIUDAD JARDÍN;0.72;4563;76.96;0.719;20;2.33;0.361;242399.73;244.55;45.9;45.26;23.11;36.25;188;53.19;54.82;84.59;115.68;11.51;19.25;7.21;223;0.083;1;0
2018;CHAMARTÍN;CIUDAD JARDÍN;0.72;4321;74.43;0.724;19.85;2.34;0.358;235057.47;242.51;45.76;45.15;23.01;36.62;184.32;54.25;55.03;84.65;116.57;11.29;19.15;7.18;281;0.09;1;0
2016;CHAMARTÍN;CIUDAD JARDÍN;0.72;3416;74.4;0.737;19.27;2.36;0.355;236861.46;239.56;45.67;45.04;22.89;37.54;182.37;54.83;54.89;84.77;109.4;10.56;18.42;6.81;245;0.105;1;0
2017;MONCLOA-ARAVACA;CIUDAD UNIVERSITARIA;0.02;3470;107.13;0.875;0.57;2.65;0.307;431075.95;11.26;46.01;46.13;25.3;33.85;196.04;51.01;61.84;89.76;95.02;9.49;14.81;6.58;159;0.074;0;0
2019;MONCLOA-ARAVACA;CIUDAD UNIVERSITARIA;0.02;3652;106.42;0.872;0.57;2.65;0.304;379455.15;11.41;46.11;46.21;25.63;32.94;201.94;49.52;62.15;89.74;95.81;9.69;15.22;6.67;101;0.065;0;0
2018;MONCLOA-ARAVACA;CIUDAD UNIVERSITARIA;0.02;3998;114.82;0.874;0.57;2.64;0.309;444119.75;11.3;46.13;46.32;25.48;33.23;199.81;50.05;61.91;90.2;87.91;9.32;14.8;6.32;146;0.07;0;0
2016;MONCLOA-ARAVACA;CIUDAD UNIVERSITARIA;0.02;3055;114.22;0.88;0.56;2.66;0.304;252696.1;11.24;45.89;45.97;25.06;33.72;193.59;51.66;61.32;89.5;93.7;9.72;14.99;6.54;124;0.078;0;0
2017;CIUDAD LINEAL;COLINA;0.27;2724;96.18;0.82;6.54;2.47;0.315;281069.08;109.38;44.9;45.53;22.95;30.68;148.52;67.33;62.34;70.02;97.39;9.59;15.93;4.9;77;0.082;0;0
2019;CIUDAD LINEAL;COLINA;0.27;4660;93.96;0.814;6.63;2.49;0.306;318009.8;114.11;44.59;45.02;22.53;30.58;144.77;69.08;61.53;75.97;98.37;10.11;17.07;5.26;77;0.07;0;0
2018;CIUDAD LINEAL;COLINA;0.27;3000;102.5;0.813;6.59;2.49;0.3;328386.03;112.35;44.74;45.17;22.76;30.33;147.83;67.65;61.69;73.46;93.89;9.57;16.4;4.9;65;0.075;0;0
2016;CIUDAD LINEAL;COLINA;0.27;3158;92.72;0.82;6.54;2.49;0.308;184554.59;108.99;44.73;45.22;22.75;29.9;145.95;68.52;62.19;72.13;100.66;9.46;15.87;4.38;67;0.086;0;0
2017;CARABANCHEL;COMILLAS;0.89;2273;66.47;0.841;20.25;2.35;0.346;117626.64;331.62;46.67;46.22;24.49;39.02;211.91;47.19;56.37;85.23;102.84;16.09;26.26;11.73;194;0.224;0;0
2019;CARABANCHEL;COMILLAS;0.89;2702;65.06;0.838;20.42;2.35;0.345;119310.54;336.33;46.66;46.01;23.96;38.67;215.41;46.42;54.05;85.05;107.12;18.14;28.59;13.25;143;0.2;0;0
2018;CARABANCHEL;COMILLAS;0.89;2367;68.4;0.837;20.4;2.35;0.345;109387.47;334.01;46.71;46.22;24.3;38.96;215.46;46.41;55.22;84.89;99.28;16.75;27.1;12.25;145;0.213;0;0
2016;CARABANCHEL;COMILLAS;0.89;1805;67.95;0.842;20.21;2.38;0.337;94883.13;334.16;46.4;45.92;24.22;38.8;208.51;47.96;55.87;86.45;106.93;15.89;25.88;11.7;93;0.234;0;0
2017;CIUDAD LINEAL;CONCEPCIÓN;0.46;2448;64.86;0.823;17.19;2.29;0.369;140870.7;231.76;46.89;46.84;24.52;44.69;193.28;51.74;59.26;76.29;96.25;12.37;21.2;7.85;276;0.148;0;0
2019;CIUDAD LINEAL;CONCEPCIÓN;0.46;3259;64.27;0.821;17.34;2.3;0.371;165132.23;235.42;46.82;46.77;23.81;43.79;193.87;51.58;56.46;76.53;100.38;13.8;23.05;9.2;205;0.132;0;0
2018;CIUDAD LINEAL;CONCEPCIÓN;0.46;3142;67.25;0.822;17.32;2.3;0.37;165893.4;234.82;46.92;46.93;24.22;44.18;194.78;51.34;57.87;75.44;97.65;13.32;22.32;8.73;25;0.14;0;0
2016;CIUDAD LINEAL;CONCEPCIÓN;0.46;2464;62.28;0.824;17.15;2.31;0.365;126266.58;230.69;46.86;46.72;24.73;44.4;196.04;51.01;59.6;78.39;98.32;12.32;20.64;7.67;202;0.157;0;0
2017;BARAJAS;CORRALEJOS;0.01;2993;116.75;0.279;0.82;2.95;0.202;238743.11;15.74;36.6;40.62;10.05;31.71;37.33;267.88;58.7;51.76;75.94;6.55;11.25;2.25;72;0.072;0;0
2019;BARAJAS;CORRALEJOS;0.01;3476;121.94;0.268;0.88;2.96;0.202;270852.5;16.32;37.48;41.4;10.05;31.38;40.02;249.87;54.23;51.16;68.95;6.65;11.53;2.54;64;0.068;0;0
2018;BARAJAS;CORRALEJOS;0.01;3242;117;0.269;0.86;2.96;0.196;282280.08;16.04;36.98;40.89;10.01;29.65;38.68;258.51;56;52.63;69.79;6.48;11.3;2.44;106;0.066;0;0
2016;BARAJAS;CORRALEJOS;0.01;3331;99.46;0.287;0.8;2.99;0.195;184866.96;15.59;36.15;40.05;9.79;30.49;35.77;279.58;59.18;55.77;83.87;6.66;11.1;2.32;81;0.074;0;0
2017;CENTRO;CORTES;12.06;4842;91.92;0.692;29.85;1.95;0.499;248911.18;177.76;44.99;43.31;16.85;35.48;223.02;44.84;32.29;91.87;139.35;20.89;29.82;8.74;288;0.102;1;0
2019;CENTRO;CORTES;12.06;5272;74.02;0.661;31.39;1.94;0.49;263389.83;177.13;44.96;43.22;16.96;32.68;233.33;42.86;31.97;93.05;151.24;23.08;32.14;9.9;198;0.083;1;0
2018;CENTRO;CORTES;12.06;5106;89.71;0.677;30.63;1.94;0.498;311683.2;177.93;45.14;43.6;16.87;34.1;232.29;43.05;31.82;89.09;145.27;21.96;30.76;9.27;228;0.092;1;0
2016;CENTRO;CORTES;12.06;3616;87.19;0.696;29.65;1.98;0.489;201457.89;179.46;44.7;42.94;16.66;35.37;209.96;47.63;32.63;93.5;121.86;20.55;29.64;8.77;235;0.107;1;0
2017;CIUDAD LINEAL;COSTILLARES;0.2;3648;110.77;0.635;4.11;2.79;0.236;261702.33;153.73;43.21;44.72;20.71;26.61;123.59;80.92;59.9;73.78;86.49;4.79;10.01;2.36;148;0.061;0;0
2019;CIUDAD LINEAL;COSTILLARES;0.2;4267;108.23;0.615;4.29;2.77;0.24;258960.04;154.21;44.08;45.68;21.85;27.75;139.54;71.66;60.04;73.87;86.22;5.19;10.61;2.78;159;0.057;0;0
2018;CIUDAD LINEAL;COSTILLARES;0.2;3989;113.12;0.616;4.27;2.78;0.239;290394.22;154.28;43.7;45.36;21.39;27.69;131.75;75.9;60.32;73.34;89.13;4.99;10.29;2.53;357;0.06;0;0
2016;CIUDAD LINEAL;COSTILLARES;0.2;3386;109.5;0.645;4.02;2.82;0.233;248266.65;153.91;42.82;44.27;20.18;24.97;118.27;84.55;59.37;74.06;81.56;4.8;9.88;2.33;111;0.064;0;0
2017;TETUÁN;CUATRO CAMINOS;1.06;3841;84.47;0.553;28.9;2.29;0.386;207319.69;286.39;45.91;44.58;23.06;38.01;209.73;47.68;51.63;95.53;117.08;13.8;22.54;10.2;575;0.105;1;0
2019;TETUÁN;CUATRO CAMINOS;1.06;4362;85.12;0.534;30.08;2.3;0.381;233507.76;292.04;45.7;44.09;22.65;36.72;210.87;47.42;50.14;98.69;116.16;14.9;23.63;11.01;511;0.093;1;0
2018;TETUÁN;CUATRO CAMINOS;1.06;4115;85.28;0.539;29.79;2.3;0.383;236971.31;289.05;45.79;44.29;22.96;37.52;209.29;47.78;51.36;97.36;117.28;14.12;23;10.45;484;0.1;1;0
2016;TETUÁN;CUATRO CAMINOS;1.06;3296;80.15;0.563;28.38;2.29;0.384;195737.46;283.85;45.95;44.65;23.12;38.32;212.6;47.04;51.5;95.54;115.37;13.68;22.48;10;480;0.111;1;0
2017;LATINA;CUATRO VIENTOS;0.24;1977;96.44;0.59;0.37;2.61;0.321;165422.99;10.07;34.94;37.79;6.51;24.44;27.47;364.04;43.29;85.69;112.56;5.58;10.94;3.47;34;0.106;0;0
2019;LATINA;CUATRO VIENTOS;0.24;2299;69.75;0.586;0.37;2.62;0.316;107205.51;10.59;35.53;38.89;6.16;18.36;26.2;381.64;42.17;69.45;80.91;6.18;12.21;4.11;28;0.094;0;0
2018;LATINA;CUATRO VIENTOS;0.24;2307;72.23;0.586;0.37;2.6;0.322;161655.81;10.43;35.22;38.25;6.23;19.26;26.6;375.92;42.19;78.01;90.61;5.97;11.71;3.76;31;0.098;0;0
2016;LATINA;CUATRO VIENTOS;0.24;1784;90.36;0.574;0.35;2.61;0.32;104353.53;9.69;34.65;37.33;6.5;26.32;27.51;363.45;43.13;94.55;125.55;5.38;10.42;3.37;42;0.111;0;0
2017;ARGANZUELA;DELICIAS;1.21;3566;82.61;0.855;9.05;2.39;0.338;209692.97;258.5;42.64;42.51;16.68;35.77;111.55;89.64;46.28;79.57;109;10.67;18.12;7.31;454;0.115;0;0
2019;ARGANZUELA;DELICIAS;1.21;3904;77.28;0.838;9.29;2.4;0.334;197794.11;262.24;43.05;43.12;16.94;32.82;118.42;84.44;45.45;77.25;105.69;11.39;18.67;7.83;289;0.103;0;0
2018;ARGANZUELA;DELICIAS;1.21;3777;68.91;0.843;9.22;2.39;0.337;210717.01;260.49;42.78;42.73;16.81;34.06;114.48;87.35;45.97;78.79;106.31;10.94;18.42;7.55;285;0.108;0;0
2016;ARGANZUELA;DELICIAS;1.21;3025;76.22;0.858;8.99;2.4;0.337;153045.73;257.08;42.55;42.3;16.63;36.06;111.53;89.67;46.07;81.75;109.43;11.05;18.35;7.67;209;0.124;0;0
2019;VICÁLVARO;EL CAÑAVERAL;0.01;2355;103.12;0.278;0.02;2.49;0.278;166917.59;1.45;32.42;35.23;3.2;10.2;12.96;771.43;38.71;100.91;109.7;8.43;11.7;4.38;568;0.067;0;0
2018;VICÁLVARO;EL CAÑAVERAL;0.01;2227;106.74;0.278;0.02;2.34;0.312;145577.67;0.89;33.3;34.84;3.81;13.89;18.37;544.44;32.54;122.12;124.24;8.25;12.06;4.23;294;0.088;0;0
2017;FUENCARRAL-EL PARDO;EL GOLOSO;0.01;3174;114.53;0.773;0.17;3.28;0.21;268211.08;6.57;32.58;36.07;8.36;53.64;25.01;399.86;71.8;81.49;105.84;4.81;8.19;2.01;335;0.079;0;0
2019;FUENCARRAL-EL PARDO;EL GOLOSO;0.01;3548;128.07;0.717;0.18;3.28;0.2;296790.61;6.99;33.05;36.76;7.91;50;23.76;420.9;70.06;65.2;84.3;5.37;8.9;2.39;171;0.067;0;0
2018;FUENCARRAL-EL PARDO;EL GOLOSO;0.01;3463;118.22;0.718;0.18;3.27;0.204;296540.85;6.78;32.86;36.49;8.19;50.61;24.61;406.33;70.84;71.85;92.17;5.02;8.5;2.13;246;0.073;0;0
2016;FUENCARRAL-EL PARDO;EL GOLOSO;0.01;2824;96.2;0.776;0.16;3.22;0.219;260904.07;6.34;32.24;35.79;8.34;53.46;24.88;401.93;71.99;91.23;117.64;4.78;7.92;2.14;133;0.082;0;0
2017;FUENCARRAL-EL PARDO;EL PARDO;0.02;3174;95.56;0.989;0.01;2.62;0.298;142012.51;0.18;47.88;47.24;26.58;46.56;231.88;43.13;61.39;79.9;114.41;2.98;5.51;1.77;32;0.223;0;0
2019;FUENCARRAL-EL PARDO;EL PARDO;0.02;3548;91.28;0.989;0.01;2.63;0.303;145559.85;0.18;47.61;46.93;25.71;47.18;218.18;45.83;59.98;78.28;110.24;4.08;7.3;2.32;18;0.199;0;0
2018;FUENCARRAL-EL PARDO;EL PARDO;0.02;3463;97.51;0.989;0.01;2.62;0.302;149107.2;0.18;47.66;46.88;26.24;46.53;222.85;44.87;61.34;78.95;108.59;3.44;6.6;2.11;45;0.208;0;0
2016;FUENCARRAL-EL PARDO;EL PARDO;0.02;2824;83.23;0.989;0.01;2.62;0.301;145559.85;0.18;48.3;47.62;27.23;46.14;253.17;39.5;61.25;82.16;95.08;3.05;5.6;2.1;26;0.238;0;0
2017;MONCLOA-ARAVACA;EL PLANTÍO;0.01;3915;182.48;0.244;1.22;3.28;0.166;584908.6;7.71;41.82;43.09;19.19;27.97;94.39;105.94;65.35;72.61;88.7;7.43;13.6;4.23;25;0.076;0;0
2019;MONCLOA-ARAVACA;EL PLANTÍO;0.01;2638;192.11;0.249;1.26;3.28;0.175;486790.14;7.96;42.01;43.94;19.3;25.28;97.48;102.58;64.21;70.32;78.98;9.29;15.49;5.52;18;0.058;0;0
2018;MONCLOA-ARAVACA;EL PLANTÍO;0.01;4221;180.88;0.251;1.26;3.22;0.184;546819.67;7.71;41.9;43.51;19.67;25.61;98.71;101.31;65.55;72.95;67.51;8.09;14.23;4.67;24;0.064;0;0
2016;MONCLOA-ARAVACA;EL PLANTÍO;0.01;3401;116.28;0.244;1.21;3.18;0.182;302997.66;7.3;41.73;43.05;18.14;21.84;96.49;103.64;58.56;75.38;81.94;8.47;14.99;4.85;14;0.069;0;0
2017;SAN BLAS-CANILLEJAS;EL SALVADOR;0.08;3265;115.51;0.667;1.91;2.67;0.246;238342.6;60.51;44.92;47.93;19.5;33.66;147.83;67.64;48.58;66.02;93.02;7.01;12.05;3.4;76;0.109;0;0
2019;SAN BLAS-CANILLEJAS;EL SALVADOR;0.08;3074;106.73;0.639;2.03;2.64;0.247;245569.86;60.37;45.7;48.82;20.72;33.67;175.65;56.93;48.19;69.43;101.67;7.92;13.07;4.23;85;0.098;0;0
2018;SAN BLAS-CANILLEJAS;EL SALVADOR;0.08;2595;118.83;0.652;1.97;2.65;0.244;244706.24;60.03;45.45;48.63;20.26;33.54;166.21;60.17;48.05;68.04;102.26;7.19;12.18;3.72;103;0.103;0;0
2016;SAN BLAS-CANILLEJAS;EL SALVADOR;0.08;2880;107.83;0.669;1.88;2.68;0.243;186663.96;60.79;44.53;47.47;19.13;33.47;142.66;70.1;48.25;66.96;89.28;6.82;11.95;3.17;60;0.116;0;0
2017;CHAMARTÍN;EL VISO;0.29;5241;155.25;0.563;8.83;2.82;0.291;701246.37;99.82;44.17;44.16;21.3;37.18;147.01;68.02;55.74;86.66;127.75;10.81;17.43;5.95;187;0.056;0;0
2019;CHAMARTÍN;EL VISO;0.29;6263;136.43;0.549;9.12;2.84;0.285;629782.58;101.23;44.4;44.36;21.64;36.07;152.55;65.55;55.85;87.41;112.77;11.02;18.18;6.2;173;0.052;0;0
2018;CHAMARTÍN;EL VISO;0.29;5813;153.15;0.552;9.06;2.83;0.286;561721.39;100.31;44.27;44.25;21.47;36.81;149.82;66.75;55.76;87.35;118.61;10.58;17.54;5.77;190;0.054;0;0
2016;CHAMARTÍN;EL VISO;0.29;4919;153;0.567;8.72;2.83;0.286;535766.36;99.57;44.2;44.01;21.32;36.91;150.73;66.35;54.95;88.61;125.76;11.15;17.92;6.18;155;0.057;0;0
2017;CENTRO;EMBAJADORES;16.48;4017;56.08;0.819;38.08;2.05;0.475;164310.38;431.74;42.85;40.78;14.54;38.09;157.45;63.51;31.18;105.44;116.45;24.57;33.26;16.02;981;0.168;1;0
2019;CENTRO;EMBAJADORES;16.48;4479;54.48;0.792;39.58;2.05;0.475;154693.64;437.82;42.81;40.75;14.07;35.83;159.66;62.63;29.68;105.68;112.21;26.22;34.82;16.93;880;0.146;1;0
2018;CENTRO;EMBAJADORES;16.48;4239;54.5;0.811;38.62;2.04;0.48;169570.16;431.74;42.93;40.86;14.38;37.08;158.85;62.95;30.61;104.48;107.16;25.26;33.85;16.36;1026;0.157;1;0
2016;CENTRO;EMBAJADORES;16.48;3240;58.22;0.823;37.87;2.07;0.465;133081.93;434.78;42.75;40.5;14.78;39.08;157.18;63.62;31.89;109.17;120.33;24.68;33.17;16.31;688;0.182;1;0
2019;PUENTE DE VALLECAS;ENSANCHE DE VALLECAS;0.01;1957;66.43;0.664;7.41;2.48;0.318;98610.83;72.27;33.19;36.71;4.27;26.55;17;588.18;41.56;94.64;111.19;9.75;16.34;6.37;2359;0.077;0;0
2018;PUENTE DE VALLECAS;ENSANCHE DE VALLECAS;0.01;1821;67.53;0.668;7.4;2.44;0.327;95392.62;68.78;32.73;36.3;4.05;28.16;16.06;622.78;41.34;107.76;127.9;8.6;14.97;5.57;2693;0.08;0;0
2017;PUENTE DE VALLECAS;ENSANCHE DE VALLECAS;0.01;1821;67.53;0.668;7.4;2.44;0.327;95392.62;68.78;32.73;36.3;4.05;28.16;16.06;622.78;41.34;107.76;127.9;8.6;14.97;5.57;2693;0.08;0;0
2017;PUENTE DE VALLECAS;ENTREVÍAS;0.02;1279;76.85;0.937;2.36;2.66;0.263;78167.25;56.16;43.92;44.05;20.34;41.69;137.22;72.88;54.22;81.73;90.33;12.32;18.95;8.75;362;0.408;0;0
2019;PUENTE DE VALLECAS;ENTREVÍAS;0.02;1558;76.11;0.936;2.37;2.74;0.256;93503.2;58.1;43.7;43.83;19.41;41.98;132.74;75.33;51.58;82.78;99.23;15.48;23.05;11.79;295;0.375;0;0
2018;PUENTE DE VALLECAS;ENTREVÍAS;0.02;1413;75.63;0.937;2.37;2.69;0.258;89236.9;56.91;43.9;44.12;19.98;41.82;136.82;73.09;52.85;82.16;92.38;13.89;20.85;10.26;409;0.392;0;0
2016;PUENTE DE VALLECAS;ENTREVÍAS;0.02;1118;79.12;0.937;2.36;2.68;0.259;79593.31;56.13;43.94;44.04;20.73;41.31;139.67;71.6;55.23;82.79;91.49;11.64;17.97;8.09;307;0.422;0;0
2017;RETIRO;ESTRELLA;0.21;3662;110.06;0.718;4.91;2.69;0.235;241884.3;225.86;48.24;49.46;30;29.89;234.02;42.73;74.87;74.47;94.61;3.57;7.48;1.9;179;0.08;0;0
2019;RETIRO;ESTRELLA;0.21;4155;103.09;0.701;5.16;2.68;0.236;258480.41;227.26;48.48;49.57;30.68;30.77;233.28;42.87;78.03;72.82;89.25;4.12;8.08;2.36;136;0.07;0;0
2018;RETIRO;ESTRELLA;0.21;4024;107.16;0.707;5.12;2.7;0.231;265015.57;226.6;48.33;49.57;30.47;30.16;232.51;43.01;77.21;73.5;90.13;3.7;7.58;1.98;190;0.075;0;0
2016;RETIRO;ESTRELLA;0.21;3003;109.28;0.73;4.84;2.71;0.232;208938.59;226.23;48.02;49.26;29.63;29.11;231.68;43.16;73.67;76.52;96.95;3.7;7.44;1.97;197;0.084;0;0
2017;MORATALAZ;FONTARRÓN;0.26;1998;69.75;0.801;3.74;2.46;0.3;99302.52;173.16;47.64;47.35;27.59;43.29;221.54;45.14;66.78;76.91;85.47;11.61;21.54;7.77;224;0.271;0;0
2019;MORATALAZ;FONTARRÓN;0.26;2207;67.26;0.803;3.85;2.5;0.305;120428.98;177.68;47.22;47.07;25.87;46.41;202.56;49.37;62.98;75.85;90.29;13.97;24.38;9.85;172;0.241;0;0
2018;MORATALAZ;FONTARRÓN;0.26;2568;71.41;0.803;3.84;2.47;0.304;119531.96;175.23;47.43;47.2;26.7;45.41;209.37;47.76;65.14;75.86;90.14;12.45;22.54;8.54;189;0.257;0;0
2016;MORATALAZ;FONTARRÓN;0.26;1729;67.52;0.801;3.74;2.45;0.296;96611.42;171.72;47.85;47.39;28.27;41.15;231.49;43.2;68.03;77.4;91.26;10.81;20.45;7;146;0.281;0;0
2017;SALAMANCA;FUENTE DEL BERRO;0.77;3793;77.98;0.768;13.83;2.26;0.377;188135.74;241.44;46.9;46.19;24.77;38.49;217.68;45.94;56.6;83.41;97.75;10.74;18.03;6.14;332;0.107;0;0
2019;SALAMANCA;FUENTE DEL BERRO;0.77;4474;70.43;0.76;14.15;2.27;0.378;235965.97;247.15;46.73;45.78;24.36;37.72;219.32;45.6;54.95;86.36;106.32;11.82;19.4;6.62;239;0.093;0;0
2018;SALAMANCA;FUENTE DEL BERRO;0.77;4275;76.78;0.762;14.12;2.26;0.376;239297.33;243.34;46.86;46.01;24.63;38.07;220.31;45.39;55.77;84.19;101.21;11.13;18.61;6.21;301;0.1;0;0
2016;SALAMANCA;FUENTE DEL BERRO;0.77;3156;72.28;0.77;13.5;2.28;0.377;190369.15;243.13;46.75;46.12;24.37;38.06;212.63;47.03;55.85;83.77;99.6;10.69;18.18;6.17;278;0.113;0;0
2017;FUENCARRAL-EL PARDO;FUENTELARREINA;0.01;3174;160.73;0.63;0.2;2.92;0.231;228733.71;23.12;45.45;46.89;26.22;30.19;165.61;60.38;72.57;76.05;84.24;7.48;14.39;4.13;30;0.055;0;0
2019;FUENCARRAL-EL PARDO;FUENTELARREINA;0.01;3439;165.39;0.63;0.2;2.93;0.228;588001.29;23.61;45.25;46.56;26.4;32.37;155.32;64.39;76.68;75.83;76.34;7.44;14.55;4.59;28;0.05;0;0
2018;FUENCARRAL-EL PARDO;FUENTELARREINA;0.01;3463;189.84;0.63;0.2;2.92;0.232;531233.21;23.39;45.24;46.54;25.97;32.26;154.41;64.76;74.81;74.69;70.74;7.67;14.35;4.51;37;0.056;0;0
2016;FUENCARRAL-EL PARDO;FUENTELARREINA;0.01;3004;95.18;0.643;0.2;2.98;0.231;204013.38;23.04;45.37;46.58;26.3;29;165.61;60.38;72.96;76.61;93.55;7.12;14;4.24;14;0.057;0;0
2017;CHAMBERÍ;GAZTAMBIDE;2.59;3929;85.69;0.74;37.38;2.19;0.406;230182.12;442.39;47.46;46.68;25.67;39.87;263.2;37.99;54.84;95.51;118.44;10.32;17.12;5.92;388;0.09;1;0
2019;CHAMBERÍ;GAZTAMBIDE;2.59;4894;91.2;0.735;37.89;2.18;0.414;311168.93;451.96;47.14;46.03;25.6;37.12;268.88;37.19;54.12;101.1;115.29;11.28;17.91;6.55;273;0.078;1;0
2018;CHAMBERÍ;GAZTAMBIDE;2.59;4664;95.46;0.737;37.75;2.19;0.41;300882.44;447.52;47.38;46.43;25.73;38.79;262.42;38.11;55.11;96.78;113.55;10.54;17.3;6.15;313;0.084;1;0
2016;CHAMBERÍ;GAZTAMBIDE;2.59;3649;84.45;0.744;37.16;2.21;0.404;180654.32;446.97;47.26;46.32;25.42;40.15;260.95;38.32;54.22;96.93;119.46;10.91;17.66;6.35;248;0.094;1;0
2017;SALAMANCA;GOYA;2.86;5385;91.12;0.621;33.1;2.24;0.395;276417.96;380.02;46.25;45.54;23.6;36.85;211.41;47.3;53.29;89.01;131.01;11.77;19.14;6.15;526;0.077;1;0
2019;SALAMANCA;GOYA;2.86;5875;89.55;0.611;33.95;2.24;0.387;304969.67;384.91;46.3;45.56;23.79;35.5;219.14;45.63;53.02;91.54;119.8;13.91;21.54;7.29;324;0.067;1;0
2018;SALAMANCA;GOYA;2.86;5652;93.21;0.616;33.69;2.25;0.39;315990.05;384.32;46.2;45.51;23.52;36.33;214.58;46.6;52.63;90.46;123.62;12.86;20.41;6.78;420;0.071;1;0
2016;SALAMANCA;GOYA;2.86;4213;86.06;0.625;32.74;2.25;0.392;259238.97;377.88;46.28;45.56;23.54;36.96;214.16;46.69;52.73;90.03;125.38;11.42;18.57;6.02;425;0.083;1;0
2017;SALAMANCA;GUINDALERA;1.1;3640;86.32;0.75;13.75;2.35;0.356;216548.09;253.65;46.91;46.31;24.92;42.47;217.59;45.96;57.16;86.84;107.3;9.3;15.7;5.45;575;0.086;0;0
2019;SALAMANCA;GUINDALERA;1.1;4280;87.69;0.74;14.18;2.36;0.357;242686.4;259.6;46.66;46.01;24.36;41.29;211.63;47.25;55.93;86.66;101.96;10.63;17.2;6.34;444;0.075;0;0
2018;SALAMANCA;GUINDALERA;1.1;4267;87.12;0.743;14.11;2.36;0.355;242939.88;257.42;46.76;46.16;24.67;42.04;213.66;46.8;56.78;87.1;102.94;10.05;16.5;5.99;593;0.081;0;0
2016;SALAMANCA;GUINDALERA;1.1;3055;83.18;0.752;13.59;2.36;0.356;184935.51;252.36;46.95;46.34;25.12;42.15;218.71;45.72;57.73;86.46;106.68;9.33;15.53;5.56;503;0.092;0;0
2017;SAN BLAS-CANILLEJAS;HELLÍN;0.05;2489;83.58;1;1.76;2.4;0.32;83837.89;160.38;48.14;48.56;26.08;60.31;215.84;46.33;61.72;75.85;93.33;9.05;17.51;6.44;179;0.353;0;0
2019;SAN BLAS-CANILLEJAS;HELLÍN;0.05;1925;81.75;0.99;1.8;2.48;0.316;104328.52;166.32;47.2;47.27;23.68;60.84;192.03;52.08;56.26;77.09;98.84;12.53;22.01;9.37;130;0.311;0;0
2018;SAN BLAS-CANILLEJAS;HELLÍN;0.05;2595;82.96;1;1.78;2.43;0.318;96618.61;162.4;48.02;48.33;25.19;61.01;214.27;46.67;58.58;75.53;96.34;10.38;19.36;7.44;144;0.332;0;0
2016;SAN BLAS-CANILLEJAS;HELLÍN;0.05;2138;83.15;1;1.76;2.39;0.32;80249.29;158.77;48.5;48.85;27;58.26;232.06;43.09;62.96;77.5;91.46;8.71;16.44;6.36;151;0.37;0;0
2017;CHAMARTÍN;HISPANOAMÉRICA;0.4;4473;105.7;0.671;11.01;2.55;0.323;314469.38;182.46;45.9;45.95;24.65;39.26;164.81;60.68;65.59;75.76;108.27;6.73;12.58;3.62;348;0.066;0;0
2019;CHAMARTÍN;HISPANOAMÉRICA;0.4;5173;107.33;0.661;11.29;2.56;0.321;393554.73;185.3;45.88;46.08;24.57;38.55;163.97;60.98;65.44;75.18;108.24;7.16;13.01;3.78;315;0.057;0;0
2018;CHAMARTÍN;HISPANOAMÉRICA;0.4;5024;109.57;0.666;11.2;2.55;0.323;339062.57;183.2;45.86;45.99;24.61;39.03;163.25;61.26;65.78;75.12;107.58;6.7;12.56;3.52;297;0.061;0;0
2016;CHAMARTÍN;HISPANOAMÉRICA;0.4;4047;104.22;0.675;10.89;2.57;0.318;264197.95;182.33;45.84;45.73;24.75;38.88;164.87;60.65;66.02;76.59;109.7;6.87;12.68;3.73;241;0.07;0;0
2018;MORATALAZ;HORCAJO;0.01;2568;83.65;0.941;1.58;2.93;0.185;236217.51;84.81;38.64;43.06;8.05;29.27;41.69;239.88;37.64;58.26;56.86;3.38;8.16;1.93;23;0.12;0;0
2017;MORATALAZ;HORCAJO;0.01;2269;91.59;0.941;1.58;2.95;0.18;185679.02;86.27;37.93;42.21;7.52;29.55;36.61;273.14;39.01;57.45;56.86;3.71;8.66;2.21;41;0.123;0;0
2019;MORATALAZ;HORCAJO;0.01;2500;92.6;0.941;1.58;2.93;0.186;113186.43;84.91;39.29;43.8;8.49;28.81;46.9;213.2;36.24;59.92;68.39;3.85;8.83;2.38;15;0.118;0;0
2016;MORATALAZ;HORCAJO;0.01;2039;101;0.941;1.6;2.99;0.172;109101.41;85.88;37.19;41.58;6.85;28.25;31.25;320.05;40.42;55.22;60.98;4.15;8.93;2.53;15;0.123;0;0
2017;RETIRO;IBIZA;2.13;4884;88.66;0.711;25.37;2.31;0.363;260166.31;433.91;46.97;46.67;24.89;40.35;200.98;49.76;59.44;76.57;117.26;9.21;15.27;4.85;348;0.097;1;0
2019;RETIRO;IBIZA;2.13;5433;86.29;0.699;25.94;2.34;0.358;309115.51;439.99;46.83;46.66;24.86;37.99;200.19;49.95;59.43;78.22;112.87;11.32;17.5;5.89;270;0.084;1;0
2018;RETIRO;IBIZA;2.13;5226;96.94;0.702;25.79;2.32;0.361;299998.9;436.45;46.94;46.69;24.9;39.09;200.83;49.79;59.48;76.07;113.29;9.9;16.13;5.21;333;0.09;1;0
2016;RETIRO;IBIZA;2.13;3939;90.11;0.716;25.08;2.33;0.356;236548.95;435.66;46.94;46.54;24.79;41.11;201.63;49.6;58.94;78.73;109.41;9.08;15.1;4.64;248;0.105;1;0
2017;ARGANZUELA;IMPERIAL;0.91;3382;79.87;0.859;8.85;2.37;0.329;174498.22;234.02;45.54;46.01;20.62;36.39;164.05;60.96;49.67;71.65;98.18;6.61;11.43;3.66;195;0.121;0;0
2019;ARGANZUELA;IMPERIAL;0.91;3922;82.61;0.843;9.08;2.36;0.33;201208.06;235.26;46.11;46.61;21.56;34.7;181.91;54.97;50.17;71.61;109.82;7.05;11.88;3.84;124;0.109;0;0
2018;ARGANZUELA;IMPERIAL;0.91;3896;83.18;0.848;9.02;2.36;0.33;192898.75;234.78;45.79;46.24;21;35.55;170.82;58.54;49.91;71.61;101.41;6.68;11.42;3.68;160;0.114;0;0
2016;ARGANZUELA;IMPERIAL;0.91;2920;79.01;0.859;8.81;2.39;0.326;157507.84;234.36;45.18;45.51;20.2;36.69;155.43;64.34;49.71;72.97;99;6.56;11.17;3.58;140;0.127;0;0
2017;CENTRO;JUSTICIA;10.54;5252;93.19;0.641;36.26;1.96;0.497;314456.32;221.45;44.09;42.32;16.56;36.17;183.24;54.57;34.41;96.45;131.49;19.37;28.21;9.04;405;0.084;1;0
2019;CENTRO;JUSTICIA;10.54;5893;101.6;0.626;37.53;2;0.487;369451.06;231.98;44.24;42.81;16.08;34.74;189.81;52.68;32.54;92.47;113.48;21.38;30.06;9.93;359;0.074;1;0
2018;CENTRO;JUSTICIA;10.54;5989;98.98;0.635;36.89;1.98;0.49;407543.44;224.2;44.18;42.46;16.4;35.84;189.28;52.83;33.44;96.12;122.04;20.57;29.37;9.69;445;0.078;1;0
2016;CENTRO;JUSTICIA;10.54;4612;94.51;0.647;35.79;1.97;0.494;324893.59;222.07;43.9;41.99;16.64;36.75;175.47;56.99;35.36;98.45;129.49;18.53;27.07;8.47;295;0.09;1;0
2017;FUENCARRAL-EL PARDO;LA PAZ;0.06;3429;116.48;0.786;3.61;2.71;0.195;219656.58;156.88;48.26;50.73;29.57;19.86;275.75;36.26;67.49;83.51;115.89;4.58;8.81;2.62;188;0.094;0;0
2019;FUENCARRAL-EL PARDO;LA PAZ;0.06;3580;108.53;0.766;3.73;2.69;0.203;237502.76;156.7;48.93;51.23;31.85;20.62;285.71;35;75.43;80.6;108.45;5.22;9.76;3.16;152;0.086;0;0
2018;FUENCARRAL-EL PARDO;LA PAZ;0.06;3549;109.85;0.774;3.69;2.69;0.202;249234.12;156.78;48.62;50.99;30.74;20.39;282.28;35.43;71.32;82.26;108.43;4.8;9.19;2.82;198;0.09;0;0
2016;FUENCARRAL-EL PARDO;LA PAZ;0.06;2960;110.42;0.799;3.54;2.74;0.192;207749.01;157.76;47.85;50.36;28.21;19.55;268.73;37.21;63.17;84.34;113.15;4.62;8.85;2.65;159;0.097;0;0
2017;ARGANZUELA;LEGAZPI;0.25;3594;94.84;0.779;4.23;2.56;0.275;220668.01;133.89;37.38;39.31;7.79;27.24;37.87;264.09;39.62;75.95;111.06;6.86;11.83;3.96;94;0.063;0;0
2019;ARGANZUELA;LEGAZPI;0.25;4394;83.92;0.774;4.34;2.58;0.269;272605.3;138.94;38.19;40.23;8.66;24.74;44.07;226.91;39.49;71.32;100.31;7.08;11.94;4.12;96;0.057;0;0
2018;ARGANZUELA;LEGAZPI;0.25;4263;86.77;0.777;4.31;2.57;0.273;211463.57;136.11;37.83;39.87;8.33;26.76;41.21;242.67;39.92;72.55;106.67;6.85;11.75;3.97;177;0.061;0;0
2016;ARGANZUELA;LEGAZPI;0.25;3395;104.48;0.788;4.16;2.55;0.278;253480.12;130.08;37.11;38.84;7.53;28.74;36.6;273.21;39.07;80.49;116.93;7.11;12.01;4.13;126;0.067;0;0
2017;SALAMANCA;LISTA;2.38;4835;90.83;0.628;29.49;2.27;0.392;295176.81;399.01;45.84;44.45;23.9;37.9;205.25;48.72;55.15;99.03;115.6;13.34;20.25;7.44;284;0.074;1;0
2019;SALAMANCA;LISTA;2.38;5713;88.04;0.612;30.51;2.27;0.392;366426.83;402.93;45.97;44.62;23.91;36.59;211.57;47.27;54.35;97.24;108.78;13.73;20.95;7.42;182;0.066;1;0
2018;SALAMANCA;LISTA;2.38;5498;87.98;0.619;30.16;2.27;0.392;285353.28;402.83;45.94;44.56;23.96;37.69;208.99;47.85;54.87;98.31;112.79;13.41;20.52;7.32;336;0.069;1;0
2016;SALAMANCA;LISTA;2.38;4465;94.56;0.633;29.14;2.29;0.387;294239.81;396.62;45.88;44.54;23.9;38.08;205.76;48.6;55.09;98.06;115.24;13;19.95;7.28;266;0.08;1;0
2017;LATINA;LOS CÁRMENES;0.2;1920;72.86;0.898;5.64;2.63;0.266;107343.67;131.87;43.16;44.34;17.51;41.54;116.02;86.19;48.37;73.01;82.85;12.29;20.06;8.85;153;0.262;0;0
2019;LATINA;LOS CÁRMENES;0.2;2398;72.84;0.89;5.7;2.64;0.271;132306.66;134.65;43.33;44.34;17.17;40.41;119.1;83.96;46.17;74.98;84.96;14.23;22.67;10.78;146;0.236;0;0
2018;LATINA;LOS CÁRMENES;0.2;2307;78.48;0.891;5.69;2.64;0.269;123808.16;133.07;43.3;44.42;17.36;40.97;118.64;84.29;47.05;74;86.76;13.42;21.62;10;165;0.248;0;0
2016;LATINA;LOS CÁRMENES;0.2;1884;71.71;0.9;5.63;2.64;0.268;101219.94;131.4;43.02;43.99;17.49;41.89;114.85;87.07;48.65;74.23;84.75;12.2;19.67;8.7;146;0.27;0;0
2017;RETIRO;LOS JERÓNIMOS;0.48;6106;161.77;0.493;3.24;2.51;0.327;648955.36;37;47.99;48.29;26.8;39.79;237.14;42.17;61.54;74.64;131.36;9.44;16.09;3.52;105;0.072;0;0
2019;RETIRO;LOS JERÓNIMOS;0.48;6741;155.41;0.482;3.35;2.51;0.325;619455.38;36.92;47.99;48.8;26.35;38.87;219.53;45.55;62.23;67.4;118.6;10.29;17.3;4.22;80;0.06;0;0
2018;RETIRO;LOS JERÓNIMOS;0.48;6315;146.5;0.487;3.31;2.52;0.332;795951.5;37.11;47.89;48.52;26.56;39.06;221.32;45.18;62.76;68.75;129.62;9.41;16.35;3.72;116;0.066;0;0
2016;RETIRO;LOS JERÓNIMOS;0.48;5246;146.25;0.509;3.13;2.53;0.327;497695.38;36.88;48.03;48.12;27.02;38.21;246.11;40.63;61.3;77.05;111.79;9.32;15.73;3.41;108;0.076;0;0
2017;VILLAVERDE;LOS ROSALES;0.16;1438;64.57;0.863;9.16;2.8;0.22;81602.03;236.74;41.82;42.92;16.76;31.1;101.59;98.43;49.85;74.13;83.06;16.45;26.04;12.43;250;0.274;0;0
2019;VILLAVERDE;LOS ROSALES;0.16;1869;66.07;0.862;9.2;2.85;0.221;102497.26;243.95;42.23;43.39;16.65;32.03;107.12;93.35;47.46;74.87;86.27;19.19;29.32;15.06;291;0.251;0;0
2018;VILLAVERDE;LOS ROSALES;0.16;1761;68.15;0.862;9.2;2.82;0.217;91723.53;239.98;42.09;43.27;16.75;32.04;105.4;94.88;48.45;74.27;83.17;17.9;27.86;13.71;298;0.263;0;0
2016;VILLAVERDE;LOS ROSALES;0.16;1500;64.07;0.868;9.11;2.82;0.217;84857.87;235.88;41.5;42.52;16.51;29.53;98.44;101.58;49.88;75.79;83.82;16.18;25.35;12.1;194;0.281;0;0
2017;LATINA;LUCERO;0.36;1940;68.31;0.874;8.28;2.52;0.296;110430.63;210.06;45.63;45.64;23.16;41.44;174.51;57.3;57.3;79.2;92.71;14.55;23.8;11.18;387;0.248;0;0
2019;LATINA;LUCERO;0.36;2380;68.81;0.871;8.36;2.55;0.293;131803.87;214.95;45.67;45.78;22.55;42.23;179.31;55.77;54.13;81.16;94.53;16.98;26.74;13.26;377;0.225;0;0
2018;LATINA;LUCERO;0.36;2232;68.83;0.873;8.34;2.54;0.292;129602.16;211.36;45.73;45.87;22.99;42.12;179.06;55.85;55.83;80;93.35;15.55;25.1;11.99;426;0.238;0;0
2016;LATINA;LUCERO;0.36;1734;68.2;0.875;8.27;2.52;0.294;99555.33;210.19;45.62;45.54;23.57;40.51;177;56.5;58.46;79.58;93.78;13.83;22.75;10.57;278;0.26;0;0
2017;MORATALAZ;MARROQUINA;0.06;2269;85.88;0.908;5.68;2.53;0.256;146432.74;152.88;47.65;49.97;26.2;33.47;234.31;42.68;59.7;70.03;90.28;5.27;10.19;3.34;163;0.172;0;0
2019;MORATALAZ;MARROQUINA;0.06;2868;81.78;0.908;5.7;2.52;0.262;161064.93;152.29;48.62;51.11;27.28;35.96;264.76;37.77;60.22;70;92.46;6.19;11.35;4.08;157;0.16;0;0
2018;MORATALAZ;MARROQUINA;0.06;2794;75.8;0.908;5.7;2.53;0.256;154158.48;152.95;48.15;50.63;26.63;34.94;247.45;40.41;59.71;69.52;91.64;5.73;10.69;3.66;147;0.167;0;0
2016;MORATALAZ;MARROQUINA;0.06;2398;82.07;0.908;5.68;2.56;0.25;131406.64;154.16;47.12;49.13;25.67;31.1;222.18;45.01;59.28;70.64;89.73;5.22;9.83;3.31;180;0.178;0;0
2017;MORATALAZ;MEDIA LEGUA;0.17;2269;80.26;0.904;4.99;2.5;0.279;128283.47;178.29;47.72;49.4;26.84;34.83;235.12;42.53;61.95;76.82;107.64;7.9;13.92;5.19;139;0.225;0;0
2019;MORATALAZ;MEDIA LEGUA;0.17;2664;78.2;0.901;5.08;2.49;0.283;153214.72;178.89;48.01;49.55;27.51;35.69;241.62;41.39;63.67;78.77;111.95;9.33;15.83;6.49;133;0.207;0;0
2018;MORATALAZ;MEDIA LEGUA;0.17;2568;77.07;0.903;5.07;2.49;0.282;131968.9;177.75;47.94;49.61;27.43;35.77;239.9;41.68;63.55;76.94;112.07;8.27;14.63;5.67;144;0.216;0;0
2016;MORATALAZ;MEDIA LEGUA;0.17;2133;78.44;0.904;4.99;2.52;0.272;106397.03;179.45;47.44;48.91;26.45;34.27;230.19;43.44;61.15;77.5;102.74;7.59;13.37;5.04;139;0.234;0;0
2017;FUENCARRAL-EL PARDO;MIRASIERRA;0.02;3607;113.62;0.668;0.57;3.11;0.19;292673.16;44.14;38.98;40.49;14.42;21.66;66.97;149.31;56.13;76.26;90.43;4.75;9.21;2.02;561;0.063;0;0
2019;FUENCARRAL-EL PARDO;MIRASIERRA;0.02;3645;137.56;0.66;0.59;3.11;0.19;368005.36;47.05;39.04;40.45;14.49;22.77;66.6;150.15;56.84;76.11;97.22;4.92;9.29;2.25;460;0.057;0;0
2018;FUENCARRAL-EL PARDO;MIRASIERRA;0.02;3648;134.63;0.661;0.59;3.1;0.193;276152.9;45.84;38.97;40.44;14.42;22.23;66.93;149.42;56.19;76.51;95;4.83;9.31;2.04;360;0.06;0;0
2016;FUENCARRAL-EL PARDO;MIRASIERRA;0.02;3401;102.67;0.673;0.56;3.14;0.185;212842.29;42.21;39.09;40.74;14.46;20.6;67.84;147.4;55.69;75.31;90.54;4.82;9.28;2.06;878;0.067;0;0
2017;USERA;MOSCARDÓ;0.39;1788;65.98;0.894;14.7;2.63;0.3;106025.19;278.92;44.1;43.33;19.73;42.01;149.19;67.03;49.15;87.23;98.12;24.5;35.6;21.14;250;0.249;0;0
2019;USERA;MOSCARDÓ;0.39;2209;64.75;0.781;16.87;2.7;0.295;111441.21;289.98;43.8;43.03;18.93;41.54;144.58;69.17;47.1;87.81;114.36;27.22;38.85;23.71;174;0.228;0;0
2018;USERA;MOSCARDÓ;0.39;2261;74.72;0.781;16.86;2.66;0.297;108760.78;283.08;44.11;43.36;19.44;42.2;149.14;67.05;48.11;86.47;105.65;25.74;37.25;22.25;241;0.239;0;0
2016;USERA;MOSCARDÓ;0.39;1692;64.24;0.895;14.67;2.64;0.3;74046.97;278.1;44.18;43.24;20.16;41.64;154.99;64.52;49.64;89.25;90.4;23.83;34.8;20.59;166;0.261;0;0
2017;RETIRO;NIÑO JESÚS;0.39;3983;113.96;0.746;9.68;2.72;0.257;296861.95;235.9;46.15;47.11;26.17;32.4;177.72;56.27;69.21;74.2;101.67;4.88;9.22;2.33;162;0.058;0;0
2019;RETIRO;NIÑO JESÚS;0.39;4792;127.52;0.737;9.92;2.72;0.264;413009.95;238.51;46.16;47.26;26.39;32.01;176.43;56.68;70.5;73.39;92.76;5.66;10.06;2.72;103;0.049;0;0
2018;RETIRO;NIÑO JESÚS;0.39;4463;113.77;0.744;9.82;2.71;0.262;317967.46;237.53;46.18;47.28;26.41;32.37;177.91;56.21;70.21;74.01;96.88;5.08;9.35;2.47;128;0.054;0;0
2016;RETIRO;NIÑO JESÚS;0.39;3586;121.49;0.752;9.65;2.74;0.258;280924.49;237.07;45.94;46.92;25.56;32.5;171.95;58.16;67.86;75.18;100;4.73;9.19;2.18;117;0.061;0;0
2017;CHAMARTÍN;NUEVA ESPAÑA;0.3;4929;119.4;0.635;7.05;2.68;0.318;381513.92;134.69;43.35;43.25;21.16;35.68;124.9;80.06;61.54;79.88;99.63;8.66;15.35;4.61;219;0.048;0;0
2019;CHAMARTÍN;NUEVA ESPAÑA;0.3;5296;127.83;0.625;7.26;2.67;0.322;416774.76;137.74;43.28;43.33;20.89;35.38;121.26;82.47;61.58;79.91;97.46;9.13;15.69;4.88;217;0.041;0;0
2018;CHAMARTÍN;NUEVA ESPAÑA;0.3;5204;122.01;0.628;7.22;2.67;0.321;537944.86;136.84;43.23;43.2;20.93;35.73;121.86;82.06;61.58;79.75;98.77;9.02;15.52;4.88;202;0.045;0;0
2016;CHAMARTÍN;NUEVA ESPAÑA;0.3;4416;128.99;0.645;6.93;2.67;0.323;301470.21;131.55;43.56;43.32;21.49;34.55;130.55;76.6;61.16;82.51;101.03;8.69;15.36;4.59;184;0.05;0;0
2017;PUENTE DE VALLECAS;NUMANCIA;0.34;1783;61.09;0.883;12.24;2.58;0.3;82502.53;248.12;43.58;43.15;19.02;37.97;138.88;72;48.62;85.99;101.06;17.98;28.75;14.06;643;0.297;0;0
2019;PUENTE DE VALLECAS;NUMANCIA;0.34;2082;59.67;0.88;12.3;2.61;0.299;101351.67;255.79;43.55;43.13;18.59;37.66;140.21;71.32;46.72;86.76;105.54;20.87;32.16;16.7;540;0.268;0;0
2018;PUENTE DE VALLECAS;NUMANCIA;0.34;1921;61.12;0.882;12.28;2.59;0.299;86795.06;251.68;43.61;43.21;18.77;38.13;140;71.43;47.43;85.78;101.43;19.36;30.49;15.34;608;0.283;0;0
2016;PUENTE DE VALLECAS;NUMANCIA;0.34;1503;59.46;0.885;12.21;2.59;0.299;90357.06;248.45;43.42;42.84;19;37.09;137.63;72.66;48.84;87.99;97.56;17.67;28.07;13.76;451;0.308;0;0
2017;CARABANCHEL;OPAÑEL;0.46;1887;68.53;0.867;16.88;2.48;0.325;87832.92;289.18;45.03;44.53;21.31;40.06;170.98;58.48;51;84.72;102.75;18.44;29.34;14.52;234;0.228;0;0
2019;CARABANCHEL;OPAÑEL;0.46;2339;63.46;0.867;17;2.52;0.323;116716.26;298.49;44.9;44.45;20.86;39.83;171.07;58.46;49.37;84.79;106.44;20.97;32.25;16.89;247;0.207;0;0
2018;CARABANCHEL;OPAÑEL;0.46;2212;70.22;0.867;16.99;2.5;0.323;107266.7;293.44;44.97;44.5;21.09;39.95;170.81;58.54;50.24;84.7;105.7;19.53;30.83;15.58;286;0.219;0;0
2016;CARABANCHEL;OPAÑEL;0.46;1721;73.29;0.867;16.82;2.47;0.324;115354.1;284.82;45.14;44.59;21.67;39.65;173.83;57.53;51.84;85.69;97.63;17.74;28.2;13.95;213;0.241;0;0
2017;USERA;ORCASITAS;0.01;1702;100.55;0.9;2.81;2.67;0.241;116247.15;165.13;43.22;43.71;19.76;44.4;109.74;91.12;60.69;64.16;74.18;6.66;11.19;4.62;121;0.332;0;0
2019;USERA;ORCASITAS;0.01;1809;98.37;0.901;2.82;2.71;0.24;140046.14;168.37;43.43;44.43;19.44;43.79;111.53;89.66;58.39;62.55;76.9;8.29;13.52;6.09;132;0.306;0;0
2018;USERA;ORCASITAS;0.01;1698;98.41;0.901;2.82;2.68;0.24;131534.1;166.29;43.29;44.04;19.66;44.56;109.64;91.2;60.23;62.33;76.78;7.25;11.96;5.05;191;0.32;0;0
2016;USERA;ORCASITAS;0.01;1415;97.91;0.903;2.8;2.66;0.245;121356.91;164.09;43.03;43.21;19.92;43.63;109.84;91.04;61.43;68.3;77.13;6.17;10.45;4.26;109;0.343;0;0
2017;USERA;ORCASUR;0.04;1710;91.49;0.576;3.16;2.86;0.245;100490.72;96.09;40.7;41.13;14.84;38.57;85.3;117.24;47.56;82.58;102.44;11.48;19.65;8.84;141;0.349;0;0
2019;USERA;ORCASUR;0.04;1728;89.89;0.573;3.19;2.92;0.243;114958.7;99.53;40.84;41.27;14.61;37.43;87.73;113.98;45.47;83.24;98.3;14.88;23.53;12.33;122;0.326;0;0
2018;USERA;ORCASUR;0.04;2008;90.5;0.573;3.19;2.89;0.244;106240.45;97.83;40.74;41.17;14.63;38.52;85.38;117.12;46.57;82.61;102.87;13.39;21.63;10.8;132;0.337;0;0
2016;USERA;ORCASUR;0.04;1421;91.25;0.58;3.01;2.88;0.241;109340.31;95.64;40.39;40.54;14.86;37.88;83.63;119.57;48.44;86.93;98.5;10.54;18.35;8.17;80;0.362;0;0
2017;RETIRO;PACÍFICO;1.75;3555;70.37;0.714;20.44;2.3;0.348;156508.66;443.51;47.04;47.5;24.27;36.2;217.48;45.98;54.87;77.36;110.77;7.87;13.82;4.85;373;0.109;1;0
2019;RETIRO;PACÍFICO;1.75;4149;72.7;0.706;20.76;2.29;0.35;213305.19;442.74;47.52;48.03;24.96;35.41;234.76;42.6;55.28;77.78;105.27;8.81;14.98;5.39;273;0.097;1;0
2018;RETIRO;PACÍFICO;1.75;4059;77.92;0.709;20.69;2.3;0.348;208155.7;443.14;47.24;47.74;24.52;35.8;224.22;44.6;54.94;77.36;111.09;8.33;14.43;5.07;372;0.103;1;0
2016;RETIRO;PACÍFICO;1.75;3084;72.4;0.721;20.2;2.33;0.341;151767.55;444.63;46.78;47.08;23.72;36.87;210.7;47.46;53.78;78.5;111.14;7.91;13.89;4.79;368;0.117;1;0
2017;CENTRO;PALACIO;6.95;4474;70.79;0.685;17.76;2;0.476;181468.69;152.07;45.5;44.15;18.78;35.34;212.5;47.06;38.17;85.59;109.93;16.53;23.94;7.57;235;0.116;1;0
2019;CENTRO;PALACIO;6.95;4852;66.4;0.657;18.65;2.03;0.465;174941.09;155.95;45.72;44.51;18.85;32.86;226.71;44.11;37.3;83.03;104.5;17.57;25.11;7.95;213;0.103;1;0
2018;CENTRO;PALACIO;6.95;4873;71.79;0.675;18.12;2.01;0.472;223278.88;153.17;45.69;44.47;18.92;34.05;219.31;45.6;38.01;82.93;111.39;17.12;24.59;7.72;227;0.109;1;0
2016;CENTRO;PALACIO;6.95;3731;77.55;0.695;17.49;2.01;0.467;191009.8;152.32;45.25;43.82;18.71;35.47;206.2;48.5;38.48;88.2;109.42;16.31;23.64;7.4;178;0.123;1;0
2017;HORTALEZA;PALOMAS;0.1;3203;171.73;0.796;1;3.08;0.17;373828.83;59.14;39.19;41.82;13.89;17.78;63.43;157.65;55.72;63.47;62.37;8.8;13.69;3.05;63;0.041;0;0
2019;HORTALEZA;PALOMAS;0.1;3732;177.62;0.789;1.01;3.1;0.157;464053.36;60.1;39.89;42.58;14.73;19.2;70.67;141.5;55.2;64.1;65.37;9.91;14.77;3.49;53;0.037;0;0
2018;HORTALEZA;PALOMAS;0.1;3541;170.84;0.789;1.01;3.06;0.169;415462.39;59.64;39.65;42.28;14.56;19.06;68.46;146.08;55.83;63.73;69.23;8.92;13.82;2.92;62;0.04;0;0
2016;HORTALEZA;PALOMAS;0.1;2856;184.04;0.796;1;3.06;0.171;362472.59;58.33;38.96;41.51;13.46;17.59;61.3;163.13;54.84;64.26;60.4;8.98;13.81;3.22;47;0.042;0;0
2017;PUENTE DE VALLECAS;PALOMERAS BAJAS;0.19;1565;66.82;0.854;7.65;2.65;0.257;88921.52;228.14;42.91;44.61;16.33;39.02;114.76;87.14;44.01;73.2;87.96;11.53;18.9;8.6;395;0.258;0;0
2019;PUENTE DE VALLECAS;PALOMERAS BAJAS;0.19;2108;66.62;0.853;7.71;2.68;0.257;100527.46;233;43.28;44.86;16.32;38.5;123.64;80.88;41.87;75.37;88.39;14;21.6;10.95;331;0.237;0;0
2018;PUENTE DE VALLECAS;PALOMERAS BAJAS;0.19;1853;68.94;0.854;7.69;2.66;0.257;97984.39;230.12;43.12;44.71;16.39;39.3;119.68;83.56;43.02;74.39;85.35;12.63;20.07;9.7;314;0.249;0;0
2016;PUENTE DE VALLECAS;PALOMERAS BAJAS;0.19;1469;69.29;0.854;7.64;2.66;0.256;91147.61;227.66;42.67;44.34;16.27;38.3;110.7;90.34;44.87;72.62;85.54;11.14;18.11;8.2;275;0.269;0;0
2017;PUENTE DE VALLECAS;PALOMERAS SURESTE;0.04;1642;76.8;0.716;5.62;2.66;0.248;89748.79;135.08;43.47;43.84;18.46;37.4;130.9;76.39;48.29;79.65;92.55;9.93;16.51;6.91;443;0.325;0;0
2019;PUENTE DE VALLECAS;PALOMERAS SURESTE;0.04;2012;78.44;0.71;5.68;2.66;0.249;105622.64;137.02;43.66;44.01;18.3;38.25;130.49;76.63;47.75;78.61;98.06;11.8;18.73;8.5;391;0.297;0;0
2018;PUENTE DE VALLECAS;PALOMERAS SURESTE;0.04;2014;84.32;0.712;5.66;2.65;0.25;113149.26;135.5;43.59;43.98;18.46;38.21;130.82;76.44;48.31;78.74;93.31;10.53;17.3;7.42;410;0.311;0;0
2016;PUENTE DE VALLECAS;PALOMERAS SURESTE;0.04;1450;76.71;0.719;5.58;2.67;0.247;85123.33;134.75;43.25;43.51;18.65;35.99;130.03;76.9;49.23;82.15;96.1;9.51;15.81;6.58;324;0.339;0;0
2017;ARGANZUELA;PALOS DE MOGUER;4.15;3565;65.94;0.786;24.26;2.2;0.403;156640.28;394.48;45.56;44.24;20.35;39.21;202.06;49.49;43.72;89.27;113.56;13.91;23;9.75;311;0.141;1;0
2019;ARGANZUELA;PALOS DE MOGUER;4.15;3943;68.66;0.77;24.84;2.19;0.408;183352.43;397.89;45.78;44.47;20.65;37.1;210.63;47.48;43.8;89.04;109.13;14.89;23.72;10.09;330;0.124;1;0
2018;ARGANZUELA;PALOS DE MOGUER;4.15;3948;69.54;0.777;24.58;2.2;0.403;170545.66;397.07;45.72;44.42;20.51;38.38;207.22;48.26;43.71;88.3;113.25;14.27;23.3;9.74;336;0.132;1;0
2016;ARGANZUELA;PALOS DE MOGUER;4.15;2976;63.34;0.79;24;2.22;0.396;124550.93;396.15;45.34;44.1;20.23;39.55;196.22;50.96;43.96;89.93;111.43;14.24;23.45;10.05;316;0.15;1;0
2017;MORATALAZ;PAVONES;0.04;2269;76.76;0.939;2.27;2.8;0.231;117166.77;90.28;45.75;46.91;23.42;35.74;178.96;55.88;57.51;76.43;85.24;9.14;14.53;4.14;74;0.25;0;0
2019;MORATALAZ;PAVONES;0.04;2222;75.39;0.939;2.29;2.78;0.238;138832.36;90.5;46.51;48.02;24.87;35.43;202.14;49.47;59.15;76.54;86.65;10.27;16.12;5.51;57;0.234;0;0
2018;MORATALAZ;PAVONES;0.04;2568;81.31;0.939;2.27;2.78;0.227;126438.34;89.94;46.19;47.54;24.02;35.63;187.37;53.37;58.32;73.92;90.27;9.35;15.04;5.07;72;0.243;0;0
2016;MORATALAZ;PAVONES;0.04;2039;82.32;0.939;2.27;2.85;0.216;95963.18;91.39;45.05;46.17;22.48;34.14;166.19;60.17;56.26;77.49;95.36;9.54;14.75;4.07;38;0.253;0;0
2017;FUENCARRAL-EL PARDO;PEÑAGRANDE;0.12;3341;100.53;0.775;3.7;2.64;0.245;205892.31;153.3;45.89;46.79;24.53;26.7;186.5;53.62;60.46;78.6;100.65;6.94;12.08;4.53;411;0.163;0;0
2019;FUENCARRAL-EL PARDO;PEÑAGRANDE;0.12;3283;105.05;0.769;3.76;2.62;0.248;266667.65;154.15;46.43;47.39;25.66;27.33;194.4;51.44;63.54;75.4;91.64;7.69;13.23;5.2;347;0.148;0;0
2018;FUENCARRAL-EL PARDO;PEÑAGRANDE;0.12;3412;107.78;0.772;3.74;2.63;0.244;266979.45;153.82;46.17;47.11;25.04;27.11;190.46;52.5;61.78;76.87;97;7.36;12.73;4.9;501;0.155;0;0
2016;FUENCARRAL-EL PARDO;PEÑAGRANDE;0.12;2751;110.12;0.779;3.67;2.65;0.239;205958.09;152.9;45.62;46.44;23.89;26.2;182.76;54.72;58.62;79.5;96.33;6.75;11.66;4.32;233;0.169;0;0
2017;FUENCARRAL-EL PARDO;PILAR;0.22;2786;64.94;0.813;17.22;2.38;0.302;146168.42;336.03;48.31;47.81;29.66;31.16;270.64;36.95;68.4;83.71;107.34;9.8;16.97;7.05;382;0.212;0;0
2019;FUENCARRAL-EL PARDO;PILAR;0.22;3303;66.15;0.812;17.39;2.38;0.308;164868.47;340.51;48.36;47.78;29.27;33.37;268.5;37.24;67.14;81.72;108.1;11.43;18.98;8.34;310;0.193;0;0
2018;FUENCARRAL-EL PARDO;PILAR;0.22;3234;63.76;0.813;17.37;2.37;0.304;146912.58;338.13;48.36;47.84;29.49;32.14;271.66;36.81;67.64;82.59;104.55;10.55;18;7.66;209;0.203;0;0
2016;FUENCARRAL-EL PARDO;PILAR;0.22;2494;66.27;0.815;17.19;2.39;0.301;126398.86;335.46;48.25;47.74;29.69;29.15;274.62;36.41;68.07;86.63;110.75;9.49;16.47;6.75;322;0.221;0;0
2017;HORTALEZA;PINAR DEL REY;0.15;2500;71.89;0.837;10.02;2.48;0.274;129723.83;195.01;46.89;47.3;26.3;32.37;210.33;47.54;63.39;76.39;95.82;9.15;16.13;5.87;552;0.225;0;0
2019;HORTALEZA;PINAR DEL REY;0.15;2887;75;0.835;10.09;2.48;0.28;166413;197.73;47.03;47.44;26.33;34.16;210.51;47.5;63.51;76.26;93.78;10.71;18.15;7.29;628;0.205;0;0
2018;HORTALEZA;PINAR DEL REY;0.15;2907;70.96;0.837;10.07;2.47;0.278;155147.79;196.17;46.98;47.42;26.38;33.29;210.42;47.52;63.72;75.95;94.6;9.7;16.98;6.37;627;0.216;0;0
2016;HORTALEZA;PINAR DEL REY;0.15;2178;65.21;0.838;9.99;2.49;0.271;117996.85;195.81;46.59;46.86;26.08;30.89;204.71;48.85;63.44;78.21;94.48;8.96;15.66;5.75;841;0.233;0;0
2017;HORTALEZA;PIOVERA;0.03;4403;159.29;0.846;0.95;3.04;0.203;456428.16;46.1;40;42.21;13.08;25.3;70.11;142.63;46.48;70.3;83.56;14.03;20.29;4.29;208;0.047;0;0
2019;HORTALEZA;PIOVERA;0.03;4275;194.78;0.833;0.99;3.06;0.197;371702.46;47.49;40.55;42.89;13.86;24.3;75.32;132.77;47.6;68.96;84.96;14.67;20.74;4.45;104;0.046;0;0
2018;HORTALEZA;PIOVERA;0.03;4921;181.82;0.836;0.99;3.04;0.199;681904.08;46.89;40.26;42.59;13.32;24.53;71.86;139.16;46.75;68.76;89.43;13.84;20.02;4.03;146;0.046;0;0
2016;HORTALEZA;PIOVERA;0.03;4281;173.09;0.846;0.93;3.06;0.198;533577.88;45.91;39.6;41.94;12.34;25.24;65.07;153.68;45.59;69.12;79.17;14.34;20.38;4.11;78;0.049;0;0
2017;PUENTE DE VALLECAS;PORTAZGO;0.15;1535;68.58;0.967;11.19;2.61;0.276;80146.42;222.08;44.97;44.65;22.25;39.83;161.92;61.76;56.23;84.45;96.57;11.95;19.41;8.79;298;0.37;0;0
2019;PUENTE DE VALLECAS;PORTAZGO;0.15;1826;71.62;0.967;11.21;2.63;0.28;102805.46;227.66;44.84;44.4;21.66;39.73;157.53;63.48;54.84;84.1;101.78;14.4;22.67;11.02;284;0.34;0;0
2018;PUENTE DE VALLECAS;PORTAZGO;0.15;1712;72.57;0.967;11.2;2.61;0.277;107055.99;224.11;44.97;44.62;22.03;39.83;160.51;62.3;55.67;83.93;96.8;13.02;20.95;9.76;273;0.356;0;0
2016;PUENTE DE VALLECAS;PORTAZGO;0.15;1316;72.01;0.967;11.18;2.62;0.271;81408.01;222.02;44.91;44.61;22.52;38.98;160.92;62.14;57.51;85.28;92.74;11.58;18.59;8.35;220;0.383;0;0
2017;USERA;PRADOLONGO;0.11;1677;73.86;0.952;11.18;2.85;0.261;90692.38;153.49;42.66;41.87;18.21;40.2;125.08;79.95;48.73;91.71;101.16;29.68;40.9;26.98;229;0.327;0;0
2019;USERA;PRADOLONGO;0.11;2097;71.35;0.951;11.26;2.93;0.258;104630.84;159.08;42.18;41.49;17.2;41.03;119.06;83.99;46.3;92.63;103.64;33.88;45.09;31.14;193;0.303;0;0
2018;USERA;PRADOLONGO;0.11;1902;71.56;0.951;11.24;2.9;0.26;89191.23;157.29;42.27;41.52;17.51;41.29;119.71;83.53;47.37;93.32;102.78;31.93;43.29;29.19;238;0.315;0;0
2016;USERA;PRADOLONGO;0.11;1449;71.52;0.952;11.17;2.86;0.257;79335.62;152.59;42.64;41.69;18.55;38.91;125.54;79.66;50;94.42;103.44;28.4;39.23;25.68;150;0.341;0;0
2017;CHAMARTÍN;PROSPERIDAD;0.89;3730;75.39;0.796;18.6;2.3;0.364;193984.78;346.99;46.52;46.09;24.4;33.35;214.73;46.57;55.68;86.47;110.89;9.3;15.94;5.97;533;0.09;1;0
2019;CHAMARTÍN;PROSPERIDAD;0.89;4288;74.09;0.782;19.09;2.3;0.362;209232.69;352.39;46.7;46.23;24.94;32.4;221.82;45.08;56.7;86.74;117.16;10.34;17.25;6.46;380;0.079;1;0
2018;CHAMARTÍN;PROSPERIDAD;0.89;4344;78.45;0.787;18.94;2.31;0.361;214642.19;351.15;46.55;46.12;24.66;32.95;215.74;46.35;56.48;86.51;112.7;9.68;16.45;6.13;419;0.084;1;0
2016;CHAMARTÍN;PROSPERIDAD;0.89;3302;76.34;0.801;18.43;2.32;0.36;175354.57;347.63;46.35;45.92;23.91;32.99;211.4;47.3;54.36;86.77;112.85;9.09;15.92;5.99;380;0.095;1;0
2017;CIUDAD LINEAL;PUEBLO NUEVO;0.2;2228;66.93;0.873;14.92;2.56;0.284;103884.57;260.5;45.32;45.21;22.2;37.6;171.62;58.27;54.16;79.79;100.91;14.7;27.08;11.19;720;0.231;0;0
2019;CIUDAD LINEAL;PUEBLO NUEVO;0.2;2496;64.93;0.872;15.01;2.6;0.285;123821.92;267.81;45.31;45.18;21.78;37.84;174.51;57.3;52.11;81.45;97.44;17.27;30.22;13.37;578;0.208;0;0
2018;CIUDAD LINEAL;PUEBLO NUEVO;0.2;2418;67.64;0.872;15.01;2.58;0.284;116971.87;263.71;45.38;45.31;22.09;38.01;174.38;57.35;53.27;79.92;96.65;15.64;28.45;11.94;144;0.22;0;0
2016;CIUDAD LINEAL;PUEBLO NUEVO;0.2;1839;70.18;0.874;14.9;2.57;0.282;107456.67;260.04;45.21;44.97;22.26;37.1;172.11;58.1;54.29;81.5;100.95;14.46;26.41;11.01;587;0.241;0;0
2017;CARABANCHEL;PUERTA BONITA;0.22;1651;66.88;0.94;9.09;2.71;0.279;89246.3;205.09;43.38;43.21;19.69;39.43;131.31;76.16;53.12;82.19;92.34;18.47;29.25;13.99;222;0.287;0;0
2019;CARABANCHEL;PUERTA BONITA;0.22;1942;62.4;0.937;9.13;2.79;0.269;116562;216.71;42.91;42.75;18.48;40.38;124.24;80.49;50.05;84.83;91.6;22.45;33.54;17.83;290;0.26;0;0
2018;CARABANCHEL;PUERTA BONITA;0.22;1854;68.29;0.938;9.12;2.75;0.272;100668.76;210.94;43.12;43;19.13;40.14;126.86;78.83;51.98;83.17;89.63;20.36;31.21;15.9;273;0.275;0;0
2016;CARABANCHEL;PUERTA BONITA;0.22;1510;67.05;0.94;9.09;2.71;0.281;94469.59;203.9;43.28;42.89;19.99;38.93;131.03;76.32;54.45;84.19;90.91;17.77;28.02;13.31;155;0.299;0;0
2017;LATINA;PUERTA DEL ÁNGEL;1.35;2130;67.73;0.913;21.21;2.38;0.349;103634.86;298.16;45.3;44.4;21.27;44;175.63;56.94;50.09;85.11;97.64;16.9;27.23;12.82;521;0.234;0;0
2019;LATINA;PUERTA DEL ÁNGEL;1.35;2498;65.81;0.912;21.29;2.39;0.35;125627.11;303.43;45.21;44.35;20.75;42.73;177.31;56.4;48.05;86.39;100.26;19.26;29.8;14.9;433;0.207;0;0
2018;LATINA;PUERTA DEL ÁNGEL;1.35;2725;67.85;0.913;21.26;2.38;0.349;118213.15;301;45.2;44.31;20.95;43.51;175.14;57.1;49.06;85.46;102.48;18.11;28.48;13.92;551;0.219;0;0
2016;LATINA;PUERTA DEL ÁNGEL;1.35;1955;66.82;0.914;21.17;2.38;0.348;93932.43;297.46;45.36;44.32;21.66;43.74;179.28;55.78;50.91;86.68;100.65;16.86;26.67;12.78;415;0.246;0;0
2017;CIUDAD LINEAL;QUINTANA;0.59;2478;66.09;0.876;25.13;2.37;0.353;119797.87;334.41;46.29;45.74;23.01;45.83;193.94;51.56;53.55;82.07;110.58;16.55;28.36;12.74;358;0.188;0;0
2019;CIUDAD LINEAL;QUINTANA;0.59;2828;63.44;0.874;25.27;2.38;0.357;133077.2;340.5;46.06;45.21;22.19;45.05;193.59;51.66;50.71;85.58;111.37;18.42;31.08;14.1;264;0.166;0;0
2018;CIUDAD LINEAL;QUINTANA;0.59;2933;68.72;0.874;25.25;2.37;0.355;131465.2;337.05;46.18;45.59;22.59;45.74;194.05;51.53;52.07;83.3;107.79;17.42;29.63;13.39;80;0.177;0;0
2016;CIUDAD LINEAL;QUINTANA;0.59;2174;67.75;0.877;25.09;2.38;0.347;113347.27;334.84;46.27;45.59;23.29;45.44;194.68;51.37;54.46;82.64;114.79;15.75;27.32;12.03;242;0.199;0;0
2017;SALAMANCA;RECOLETOS;1.78;7054;139.71;0.435;36.6;2.34;0.406;656012.66;177.68;45.65;45.54;22.63;33.89;186.06;53.75;53.36;86.2;121.43;14.43;21.89;6.35;294;0.048;1;0
2019;SALAMANCA;RECOLETOS;1.78;8441;167.99;0.421;38.32;2.36;0.397;1002489.32;180.2;45.85;45.98;22.98;33.5;192.9;51.84;53.58;84.33;124.95;16.8;24.88;7.98;161;0.041;1;0
2018;SALAMANCA;RECOLETOS;1.78;7931;146.87;0.424;37.98;2.36;0.399;665124.51;180.45;45.68;45.71;22.72;33.5;190.88;52.39;52.94;86.36;118.64;15.81;23.69;7.13;248;0.043;1;0
2016;SALAMANCA;RECOLETOS;1.78;6144;161.23;0.442;35.8;2.37;0.403;625819.76;177.34;45.64;45.54;22.75;34.26;185.32;53.96;53.92;86.57;118.93;13.72;21.03;5.63;304;0.052;1;0
2017;SAN BLAS-CANILLEJAS;REJAS;0.03;2920;86.83;0.63;1.78;2.45;0.312;169354.92;31.45;38.18;39.24;11.56;44.02;55.46;180.32;47.96;83.73;97.89;14.03;21.98;8.38;191;0.106;0;0
2019;SAN BLAS-CANILLEJAS;REJAS;0.03;3022;66.19;0.618;1.84;2.5;0.305;182181.74;33.28;38.56;39.95;11.23;41.23;55.34;180.69;46.05;77.07;87.85;17.35;26.07;10.63;371;0.095;0;0
2018;SAN BLAS-CANILLEJAS;REJAS;0.03;3133;92.34;0.62;1.83;2.48;0.307;164776.88;32.53;38.19;39.4;11.23;43.61;54.01;185.15;47.1;80.96;90.4;15.65;23.94;9.4;171;0.101;0;0
2016;SAN BLAS-CANILLEJAS;REJAS;0.03;2505;99.14;0.641;1.73;2.44;0.317;173156.65;30.5;38.03;38.77;11.8;45.24;55.98;178.63;49.01;91.17;104.88;13.35;20.69;7.96;237;0.115;0;0
2017;CHAMBERÍ;RÍOS ROSAS;0.95;4726;93.64;0.663;18.6;2.26;0.387;258355.67;274.99;45.91;44.58;23.42;38.55;202.45;49.4;53.82;95.3;109.8;10.33;17.39;5.86;403;0.085;1;0
2019;CHAMBERÍ;RÍOS ROSAS;0.95;5001;85.06;0.654;18.93;2.26;0.389;290428.96;280.72;45.8;44.45;23.32;37.1;202.54;49.37;53.46;95.73;112.09;11.09;18.28;6.17;329;0.072;1;0
2018;CHAMBERÍ;RÍOS ROSAS;0.95;5044;91.99;0.657;18.83;2.25;0.391;311373.48;277.31;45.89;44.54;23.38;38.05;201.37;49.66;53.81;94.32;117.71;10.63;17.73;5.9;394;0.078;1;0
2016;CHAMBERÍ;RÍOS ROSAS;0.95;3920;75.96;0.667;18.48;2.27;0.38;221568.95;274.6;45.89;44.55;23.25;38.6;200.32;49.92;53.51;94.1;113.01;10.36;17.54;5.86;392;0.09;1;0
2017;SAN BLAS-CANILLEJAS;ROSAS;0.01;2854;95.68;0.977;0.99;2.88;0.177;183538.62;33.89;40.1;44.02;12.43;27.31;60.96;164.04;48.83;52.1;68.77;4.62;8.58;2.14;152;0.126;0;0
2019;SAN BLAS-CANILLEJAS;ROSAS;0.01;3121;86.45;0.954;1.01;2.86;0.186;162724.9;34.07;41.3;45.43;13.5;27.86;76.42;130.85;45.25;56.89;72.34;5.46;9.5;2.98;137;0.119;0;0
2018;SAN BLAS-CANILLEJAS;ROSAS;0.01;2993;90.4;0.955;1.01;2.87;0.181;191567.28;33.95;40.78;45.02;13.11;27.48;68.97;144.98;47.3;54.13;71.57;4.82;8.75;2.44;170;0.123;0;0
2016;SAN BLAS-CANILLEJAS;ROSAS;0.01;2574;91.44;0.979;0.98;2.89;0.179;150773.03;33.9;39.38;43.02;11.76;26.63;54.47;183.57;50.06;51.77;62.97;4.85;8.61;2.24;104;0.127;0;0
2017;VILLAVERDE;SAN ANDRÉS;0.03;1390;67.76;0.9;3.56;2.71;0.249;99996.45;46.95;42.21;42.55;17.8;38.14;108.76;91.95;51.91;80.19;90.42;16.99;25.98;12.74;209;0.323;0;0
2016;VILLAVERDE;SAN ANDRÉS;0.03;1291;69.3;0.899;3.54;2.72;0.251;99996.45;46.64;42.06;42.23;17.99;36.11;109.69;91.16;52.4;82.97;89.43;16.51;25.17;12.22;1130;0.332;0;0
2017;VILLAVERDE;SAN CRISTÓBAL;0.06;1043;63.09;0.886;3.42;3.03;0.255;58487.58;140.3;39.18;38.45;14.35;52.46;72.97;137.04;51.54;99.64;103.16;28.49;46.55;25.01;209;0.359;0;0
2019;VILLAVERDE;SAN CRISTÓBAL;0.06;1467;62.92;0.886;3.42;3.14;0.246;83013.39;148.29;38.62;37.73;12.81;51.09;66.81;149.68;47.05;102.56;106.93;32.18;50.37;29.07;293;0.32;0;0
2018;VILLAVERDE;SAN CRISTÓBAL;0.06;1252;61.73;0.886;3.41;3.06;0.247;70411.1;143.17;39.05;38.3;13.74;52.44;71.38;140.09;49.25;100.58;105.73;30.21;48.46;26.89;248;0.342;0;0
2016;VILLAVERDE;SAN CRISTÓBAL;0.06;961;61.73;0.886;3.42;3.03;0.259;108567.17;139.56;39.26;38.44;14.91;51.8;76.89;130.05;52.23;102.49;100.72;27.5;45.35;24.02;154;0.371;0;0
2017;PUENTE DE VALLECAS;SAN DIEGO;0.7;1564;53.03;0.917;27.05;2.55;0.326;75560.3;366.38;41.38;40.81;15.48;41.28;103.25;96.85;43.84;93.09;99.58;25.03;38.27;20.61;605;0.289;0;0
2019;PUENTE DE VALLECAS;SAN DIEGO;0.7;1928;55.95;0.917;27.16;2.63;0.321;90574.85;389.43;40.88;40.36;14.22;40.62;95.55;104.66;41.05;94.62;109.77;28.89;42.72;24.36;518;0.256;0;0
2018;PUENTE DE VALLECAS;SAN DIEGO;0.7;1783;55.58;0.917;27.14;2.58;0.326;87719.41;376.37;41.18;40.7;14.95;41.3;99.36;100.65;42.84;92.79;104.28;26.32;40.08;22;679;0.273;0;0
2016;PUENTE DE VALLECAS;SAN DIEGO;0.7;1370;52.44;0.919;26.98;2.56;0.325;77429.89;364.09;41.31;40.56;15.83;40.99;104.21;95.96;44.96;95.9;101.9;24.52;37.1;20.04;521;0.302;0;0
2017;USERA;SAN FERMÍN;0.23;1714;77.36;0.863;4.12;2.83;0.232;100127.93;155.39;39.69;40.91;14.47;33.21;74.13;134.9;51.51;76.18;80.87;16.19;25.49;12.77;218;0.278;0;0
2019;USERA;SAN FERMÍN;0.23;2041;78.45;0.854;4.18;2.86;0.232;114882.63;160.4;40.13;41.37;14.25;33.2;77.45;129.11;48.49;75.76;76.99;19.1;28.99;15.36;189;0.258;0;0
2018;USERA;SAN FERMÍN;0.23;1815;76.87;0.854;4.18;2.83;0.235;107537.65;157.31;39.99;41.17;14.53;33.57;76.55;130.63;50.4;75.82;74.72;17.49;27.2;13.96;222;0.268;0;0
2016;USERA;SAN FERMÍN;0.23;1459;79.07;0.865;4.11;2.84;0.231;100869.35;154.77;39.32;40.42;14.4;31.86;71.67;139.53;52.67;79.32;80.74;15.51;24.55;11.87;148;0.288;0;0
2017;CARABANCHEL;SAN ISIDRO;0.41;1801;67.16;0.864;11.36;2.55;0.307;100653.8;199.84;43.87;43.52;19.73;38.81;142.22;70.31;50.6;83.92;101.58;17.76;27.79;13.04;426;0.279;0;0
2019;CARABANCHEL;SAN ISIDRO;0.41;2303;67.69;0.86;11.43;2.58;0.306;115202.19;205.11;43.89;43.59;19.29;38.05;144.95;68.99;48.35;83.96;99.07;19.84;30.68;15.09;378;0.251;0;0
2018;CARABANCHEL;SAN ISIDRO;0.41;2084;65.71;0.862;11.4;2.57;0.305;116905.7;202.99;43.87;43.62;19.48;38.7;143.39;69.74;49.42;83.53;100.37;18.71;29.18;14.07;451;0.265;0;0
2016;CARABANCHEL;SAN ISIDRO;0.41;1665;67.81;0.865;11.3;2.56;0.303;101397.24;199.18;43.84;43.41;19.97;38.02;142.89;69.98;51.4;85.34;97.5;17.06;26.67;12.36;334;0.289;0;0
2017;CIUDAD LINEAL;SAN JUAN BAUTISTA;0.24;3747;108.13;0.584;5.73;2.59;0.284;277275.54;122.34;43.88;44.81;21.2;31.69;135.09;74.03;58.47;74.59;87.88;8.33;13.88;4.46;131;0.083;0;0
2019;CIUDAD LINEAL;SAN JUAN BAUTISTA;0.24;4288;105.86;0.571;5.91;2.57;0.284;252055.93;123.53;44.19;45.31;21.53;33.47;138.25;72.33;59.01;73.43;94.46;9.55;15.06;5.18;125;0.072;0;0
2018;CIUDAD LINEAL;SAN JUAN BAUTISTA;0.24;3894;108.78;0.573;5.89;2.58;0.285;263946.55;123;43.93;44.88;21.24;33.62;135.3;73.91;58.58;75.04;95.27;8.72;14.05;4.78;2324;0.077;0;0
2016;CIUDAD LINEAL;SAN JUAN BAUTISTA;0.24;3800;104.84;0.594;5.61;2.59;0.289;229238.78;121.7;43.65;44.65;20.96;30.63;132.05;75.73;58.33;74.53;83.22;8.03;13.53;4.3;99;0.088;0;0
2017;CIUDAD LINEAL;SAN PASCUAL;0.2;3178;82.42;0.668;8.86;2.42;0.305;189346.41;171.95;46.94;48.16;25.61;32.59;202.8;49.31;61.91;74.82;96.95;7.61;13.14;4.66;177;0.165;0;0
2019;CIUDAD LINEAL;SAN PASCUAL;0.2;3402;76.18;0.657;9.11;2.41;0.314;188547.24;172.22;47.33;48.53;26.16;33.42;207.71;48.14;63.26;70.74;93.82;8.09;14.29;5.1;142;0.153;0;0
2018;CIUDAD LINEAL;SAN PASCUAL;0.2;3471;80.08;0.658;9.07;2.41;0.313;196667.7;171.63;47.2;48.37;25.97;33.23;207.34;48.23;62.58;72.99;90.46;7.77;13.68;4.79;157;0.16;0;0
2016;CIUDAD LINEAL;SAN PASCUAL;0.2;3032;81.49;0.679;8.69;2.44;0.303;167780.56;171.81;46.73;47.96;25.26;31.78;199;50.25;61.17;74.88;96.41;7.55;12.85;4.66;148;0.172;0;0
2017;VILLA DE VALLECAS;SANTA EUGENIA;0.02;1915;90.96;0.825;2.62;2.73;0.197;120515.31;115.99;44.81;46.6;19.64;24.56;166.98;59.89;45.78;76.37;96.69;9.31;12.96;2.79;165;0.188;0;0
2019;VILLA DE VALLECAS;SANTA EUGENIA;0.02;2285;88.23;0.812;2.68;2.72;0.204;141337.53;116.95;45.53;47.29;21.26;24.5;181.66;55.05;49.17;74.67;95.08;10.32;14.1;3.71;202;0.177;0;0
2018;VILLA DE VALLECAS;SANTA EUGENIA;0.02;2143;89.23;0.813;2.67;2.74;0.2;144459.64;116.79;45.12;46.88;20.42;24.62;172.76;57.88;47.56;75.58;97.24;9.85;13.61;3.26;168;0.181;0;0
2016;VILLA DE VALLECAS;SANTA EUGENIA;0.02;1629;89.73;0.83;2.6;2.77;0.194;118717.13;117.24;44.2;45.86;18.72;24.64;153.63;65.09;44.74;77.89;99.08;9.6;13.01;2.78;128;0.194;0;0
2017;SAN BLAS-CANILLEJAS;SIMANCAS;0.19;2308;73.11;0.507;10.14;2.5;0.315;114535.2;116.37;42.71;42.91;17;47.39;106.33;94.05;49.22;75.16;81.94;13.88;23.19;9.04;419;0.222;0;0
2019;SAN BLAS-CANILLEJAS;SIMANCAS;0.19;2600;67.49;0.493;10.58;2.57;0.306;148178.73;122.64;42.5;42.74;15.92;45.8;101.93;98.11;46.08;75.73;85.48;16.85;27.23;11.67;380;0.197;0;0
2018;SAN BLAS-CANILLEJAS;SIMANCAS;0.19;2511;72.06;0.496;10.49;2.54;0.311;150431.56;119.67;42.56;42.81;16.41;46.7;103.42;96.69;47.67;75.85;81.61;15.26;25.35;10.21;498;0.21;0;0
2016;SAN BLAS-CANILLEJAS;SIMANCAS;0.19;2153;68;0.515;9.97;2.5;0.319;112649.46;115.24;42.62;42.67;17.29;47.13;107.79;92.77;50;77.21;87.28;13.51;22.49;8.8;330;0.231;0;0
2017;CENTRO;SOL;19.94;5027;97.13;0.577;55.33;1.95;0.499;252787.89;164.85;44.54;42.64;16.84;32.52;238.61;41.91;31.39;98.12;126.92;25.02;35.76;11.29;127;0.101;1;0
2019;CENTRO;SOL;19.94;5110;94.61;0.558;57.47;1.97;0.492;350526.34;164.77;44.61;42.69;17.05;31.57;244.34;40.93;31.63;99;119.21;27.37;37.73;13.7;84;0.088;1;0
2018;CENTRO;SOL;19.94;5263;101.61;0.568;56.41;1.93;0.505;274415.53;161.71;44.73;42.76;17.16;31.88;244.27;40.94;31.91;98.36;121.85;25.07;35.72;11.79;114;0.096;1;0
2016;CENTRO;SOL;19.94;3788;76.52;0.582;54.77;1.97;0.49;192051.59;166.67;44.08;42.02;16.49;33.42;228.36;43.79;31.08;103.67;107.65;25.46;35.96;11.78;107;0.107;1;0
2017;BARAJAS;TIMÓN;0.03;2993;87.55;0.929;0.63;2.65;0.256;162664.91;21.64;37.77;38.82;10.27;30.83;50.51;197.97;44.09;85.91;123.46;8.63;14.14;4.29;89;0.118;0;0
2019;BARAJAS;TIMÓN;0.03;3088;77.08;0.898;0.67;2.67;0.257;233200.65;24.32;37.77;39.03;10.2;30.72;48.6;205.78;45.3;81.83;113.43;9.93;15.79;5.75;125;0.109;0;0
2018;BARAJAS;TIMÓN;0.03;3242;78.61;0.897;0.67;2.67;0.255;175252.7;23.06;37.55;38.66;10.11;30.98;48.25;207.24;45.06;85.4;119.04;9.29;15.14;5.19;155;0.114;0;0
2016;BARAJAS;TIMÓN;0.03;2672;71.4;0.937;0.62;2.63;0.263;153458;20.79;37.74;38.58;10.14;31.28;51.02;196;42.88;89.93;112.24;8.7;13.98;4.34;180;0.126;0;0
2017;CHAMBERÍ;TRAFALGAR;4.92;4855;85.71;0.725;34.91;2.12;0.436;261797.73;400.67;45.33;43.59;21.07;38.33;192.4;51.97;47.11;94.66;112.48;11.99;19.5;6.16;466;0.091;1;0
2019;CHAMBERÍ;TRAFALGAR;4.92;5569;75.76;0.716;35.4;2.11;0.439;266986.35;403.61;45.37;43.59;21.23;35.25;204.45;48.91;46.22;96.69;110.89;13.3;20.89;6.89;350;0.08;1;0
2018;CHAMBERÍ;TRAFALGAR;4.92;5387;79.89;0.719;35.24;2.11;0.438;257633.65;400.78;45.4;43.67;21.18;37.07;199.12;50.22;46.65;95.28;118.9;12.44;19.94;6.26;396;0.085;1;0
2016;CHAMBERÍ;TRAFALGAR;4.92;4047;79.65;0.73;34.58;2.13;0.432;226664.12;400.68;45.44;43.71;21.32;38.72;197.92;50.53;47.26;95.55;115.15;11.91;19.6;6.04;348;0.098;1;0
2017;CENTRO;UNIVERSIDAD;13.73;4639;66.19;0.743;35.99;1.96;0.493;204767.74;323.93;44.11;41.8;16.74;37.19;198.72;50.32;33.63;103.55;102.36;20.26;29.91;10.93;674;0.11;1;0
2019;CENTRO;UNIVERSIDAD;13.73;5282;76.29;0.716;37.5;1.96;0.487;245932.05;334.64;43.98;41.65;16.29;35.08;202.75;49.32;32.14;104.58;116.34;21.58;30.77;11.6;612;0.093;1;0
2018;CENTRO;UNIVERSIDAD;13.73;5068;67.4;0.734;36.56;1.96;0.492;214760.6;325.91;44.06;41.79;16.52;35.99;201.1;49.73;32.86;103.49;112.17;20.96;30.42;11.23;609;0.102;1;0
2016;CENTRO;UNIVERSIDAD;13.73;3845;66.1;0.745;35.78;1.97;0.492;203703.24;325.37;44.05;41.6;16.76;37.98;200.12;49.97;33.58;106.3;102.55;20.23;29.93;11.18;555;0.12;1;0
2017;TETUÁN;VALDEACEDERAS;0.39;2541;61.16;0.878;15.52;2.42;0.351;108876.13;216.73;41.76;40.78;15.09;40.32;110.45;90.54;40.36;96.01;115.16;19.83;29.97;15.68;357;0.209;0;0
2019;TETUÁN;VALDEACEDERAS;0.39;3099;62.2;0.876;15.59;2.45;0.347;131951.57;223.66;41.77;40.8;14.55;38.83;110.96;90.12;38.24;96.07;114.53;22.68;33.28;17.99;396;0.185;0;0
2018;TETUÁN;VALDEACEDERAS;0.39;3034;57.64;0.877;15.57;2.44;0.349;124128.76;219.79;41.76;40.88;14.77;39.68;109.57;91.27;39.39;94.54;110.69;21.22;31.65;16.92;373;0.196;0;0
2016;TETUÁN;VALDEACEDERAS;0.39;2262;59.26;0.882;15.45;2.43;0.352;106672.12;214.3;41.71;40.73;15.32;39.29;110.53;90.47;41.21;96.48;116.14;18.87;28.8;14.78;272;0.22;0;0
2019;VICÁLVARO;VALDEBERNARDO;0.01;2355;85.67;0.769;1.22;2.89;0.196;94308.74;69.03;41.21;45.76;10.94;25.87;75.74;132.04;34.01;65.17;78.85;6.12;12.05;3.99;45;0.139;0;0
2018;VICÁLVARO;VALDEBERNARDO;0.01;2227;87.42;0.772;1.22;2.9;0.192;146073.41;69.03;40.5;45.12;10.17;26.94;65.13;153.54;34.73;63.03;74.65;5.71;11.37;3.61;64;0.141;0;0
2017;HORTALEZA;VALDEFUENTES;0.03;3203;121.89;0.615;0.78;2.85;0.236;252217.73;30.83;33.86;36.81;6.92;23.98;25.25;396.05;52.24;85.38;103.63;8.29;14.31;4.53;976;0.054;0;0
2019;HORTALEZA;VALDEFUENTES;0.03;2687;120.96;0.577;0.85;2.9;0.223;218433.49;34.54;34.31;37.42;7.31;22.55;26.76;373.62;52.96;75.89;98.98;9.54;15.46;5.3;1052;0.047;0;0
2018;HORTALEZA;VALDEFUENTES;0.03;3541;116.86;0.588;0.83;2.88;0.231;260743.88;32.4;34.09;37.12;7.11;23;25.96;385.16;52.67;79.78;98.01;8.78;14.71;4.85;1426;0.05;0;0
2016;HORTALEZA;VALDEFUENTES;0.03;2856;119.94;0.63;0.75;2.85;0.237;186861.8;29.07;33.64;36.51;6.62;24.16;24.15;414.02;51.55;91.33;107.58;8.05;14.03;4.39;405;0.057;0;0
2017;MONCLOA-ARAVACA;VALDEMARÍN;0.01;4238;176.08;0.633;0.36;3.48;0.201;490833.51;19.42;35.63;37.7;10.35;35.09;35.76;279.67;64.77;64.85;69.53;9.39;14.53;5.47;102;0.061;0;0
2019;MONCLOA-ARAVACA;VALDEMARÍN;0.01;4404;200.71;0.634;0.4;3.52;0.184;697565.91;20.37;36.32;38.11;11.09;32.31;40.19;248.79;63.09;67.98;74.28;9.32;15.05;5.9;62;0.057;0;0
2018;MONCLOA-ARAVACA;VALDEMARÍN;0.01;4413;185.65;0.638;0.39;3.51;0.191;546546.92;19.86;35.95;37.89;10.62;33.72;37.33;267.86;64.16;66.02;68.25;9.47;15.11;5.79;109;0.057;0;0
2016;MONCLOA-ARAVACA;VALDEMARÍN;0.01;3951;171.76;0.649;0.35;3.54;0.192;598409.76;19.16;35.21;37.18;10.01;37.28;33.76;296.21;65.69;67.31;74.4;9.03;14.26;5.15;58;0.065;0;0
2019;VICÁLVARO;VALDERRIVAS;0.01;2355;95.43;0.937;1.23;2.88;0.19;158669.52;282.07;34.79;40.93;5.58;25.17;19.07;524.38;53.52;37.82;50.21;3.58;6.97;1.8;68;0.062;0;0
2018;VICÁLVARO;VALDERRIVAS;0.01;2227;89.09;0.948;1.2;2.88;0.19;145287.21;282.66;33.94;40.36;5.3;22.01;17.5;571.55;55.21;40.14;53.25;3.26;6.57;1.75;100;0.062;0;0
2017;MONCLOA-ARAVACA;VALDEZARZA;0.15;2503;79.83;0.947;6.57;2.43;0.302;145705.57;209.28;46.29;46.37;25;34.14;199.21;50.2;60.12;82.65;98.8;10.26;17.45;7.54;326;0.19;0;0
2019;MONCLOA-ARAVACA;VALDEZARZA;0.15;2989;90.1;0.946;6.64;2.43;0.302;173711.46;212.69;46.34;46.33;24.92;34.78;199.01;50.25;59.86;81.89;103.97;11.2;18.87;8.44;294;0.172;0;0
2018;MONCLOA-ARAVACA;VALDEZARZA;0.15;3175;79.29;0.947;6.63;2.43;0.302;177966.15;210.51;46.34;46.45;24.99;34.72;198.14;50.47;60.28;81.69;105.07;10.41;17.88;7.73;326;0.181;0;0
2016;MONCLOA-ARAVACA;VALDEZARZA;0.15;2367;86.34;0.947;6.57;2.46;0.297;216501.23;210.41;46.06;46.15;24.71;33.14;195.93;51.04;59.56;84.72;102.7;10.21;17.21;7.52;250;0.198;0;0
2017;CHAMBERÍ;VALLEHERMOSO;0.59;4169;110.31;0.652;10.06;2.42;0.357;272939.09;184.98;48.14;48.56;28.13;38.55;243.39;41.09;65.81;81.02;95;6.35;10.82;3.46;228;0.064;0;0
2019;CHAMBERÍ;VALLEHERMOSO;0.59;4544;106.95;0.65;10.3;2.41;0.361;331360.97;189.08;47.81;48.08;27.76;37.41;241;41.49;64.7;85.87;100.28;7.39;11.86;3.97;202;0.053;0;0
2018;CHAMBERÍ;VALLEHERMOSO;0.59;4341;123.89;0.651;10.25;2.41;0.356;327440.93;187.48;47.98;48.29;28;38.22;242.63;41.22;65.38;82.9;94.92;6.82;11.37;3.6;209;0.058;0;0
2016;CHAMBERÍ;VALLEHERMOSO;0.59;3542;112.84;0.659;9.97;2.43;0.353;282165.85;185.62;48.11;48.46;27.93;38.65;241.15;41.47;65.34;80.43;101.88;6.51;11.06;3.63;229;0.069;0;0
2017;FUENCARRAL-EL PARDO;VALVERDE;0.05;3191;84.83;0.787;3.15;2.72;0.256;197584.7;66.82;37.22;38.63;11.96;41.24;48.99;204.14;57.18;81.09;99.59;9.94;16.26;6.73;773;0.136;0;0
2019;FUENCARRAL-EL PARDO;VALVERDE;0.05;3191;88.5;0.777;3.23;2.77;0.246;205545.36;70.37;37.57;39.3;11.76;39.15;48.83;204.8;55.88;73.6;87.84;11.7;18.45;8.01;606;0.121;0;0
2018;FUENCARRAL-EL PARDO;VALVERDE;0.05;3191;87.31;0.779;3.21;2.75;0.25;226926.54;68.97;37.3;38.9;11.77;40.21;48.27;207.15;56.6;77.19;93.03;10.79;17.37;7.25;674;0.128;0;0
2016;FUENCARRAL-EL PARDO;VALVERDE;0.05;3191;84.71;0.797;3.1;2.71;0.258;184727.53;65.39;37.18;38.31;12.13;40.98;50.28;198.91;56.92;87.52;112;9.35;15.66;6.33;759;0.145;0;0
2017;CIUDAD LINEAL;VENTAS;0.25;2277;67.92;0.919;8.61;2.39;0.33;120439.34;147.92;46.89;46.54;24.76;42.76;209.76;47.67;57.66;78.89;98.43;14.4;26.28;10.57;535;0.227;0;0
2019;CIUDAD LINEAL;VENTAS;0.25;2665;64.68;0.917;8.65;2.42;0.332;153273.46;150.4;46.63;46.36;23.68;43.77;206.08;48.52;54.24;79.55;106.26;16.47;28.89;12.35;519;0.204;0;0
2018;CIUDAD LINEAL;VENTAS;0.25;2582;66.82;0.917;8.65;2.42;0.327;122376.02;149.29;46.76;46.42;24.21;43.85;206.19;48.5;56.15;78.85;100.87;15.41;27.7;11.45;224;0.216;0;0
2016;CIUDAD LINEAL;VENTAS;0.25;1929;62.45;0.919;8.59;2.41;0.325;91737.03;148.36;46.75;46.26;24.9;41.22;209.1;47.82;58.27;81.44;96.04;14.29;25.63;10.46;420;0.237;0;0
2019;VILLAVERDE;VILLAVERDE ALTO. CASCO HISTÓRICO DE VILLAVERDE;0.06;1730;79.09;0.897;3.58;2.76;0.25;104709.26;48.85;42.17;42.57;16.97;39.53;105.31;94.95;49.43;80.25;94.33;19.85;29.84;15.21;215;0.296;0;0
2018;VILLAVERDE;VILLAVERDE ALTO. CASCO HISTÓRICO DE VILLAVERDE;0.06;1644;71.34;0.897;3.58;2.73;0.248;116975.02;47.87;42.2;42.63;17.41;39.18;106.65;93.76;50.89;79.47;88.69;18.27;27.84;13.83;217;0.31;0;0
2017;MORATALAZ;VINATEROS;0.27;2269;73.2;0.821;6.38;2.33;0.321;111452.75;282.28;49.33;49.19;31.11;40.51;271.1;36.89;74.17;72.71;89.45;9.85;17.78;6.2;158;0.247;0;0
2019;MORATALAZ;VINATEROS;0.27;2500;71.54;0.791;6.53;2.34;0.326;123098.73;283.98;49.31;49.35;29.93;45.36;261.47;38.25;70.59;70.45;99.83;11.34;19.65;7.57;130;0.223;0;0
2018;MORATALAZ;VINATEROS;0.27;2568;70.15;0.793;6.52;2.33;0.322;109134.49;283.13;49.43;49.35;30.61;43.21;267.65;37.36;72.54;70.37;90.6;10.3;18.46;6.62;153;0.234;0;0
2016;MORATALAZ;VINATEROS;0.27;1952;72.38;0.823;6.36;2.35;0.317;96000.83;284.32;49.32;49.04;31.52;38.46;274.1;36.48;75.5;74.14;93.12;9.75;17.41;6.22;154;0.257;0;0
2017;CARABANCHEL;VISTA ALEGRE;0.45;1837;65.26;0.905;20.2;2.61;0.282;91000.54;278.88;45.59;45.24;23.45;35.59;182.78;54.71;56.92;82.67;95.76;19.01;30.49;15.02;451;0.259;0;0
2019;CARABANCHEL;VISTA ALEGRE;0.45;2044;64.92;0.902;20.37;2.66;0.279;125558.26;289.29;45.4;44.91;22.77;36.65;180.37;55.44;54.77;84.4;97.76;22.16;34.49;18.13;414;0.235;0;0
2018;CARABANCHEL;VISTA ALEGRE;0.45;2037;66.44;0.903;20.32;2.63;0.282;105539.27;283.21;45.59;45.26;23.35;35.95;184.71;54.14;56.22;83.08;99.27;20.36;32.33;16.32;511;0.248;0;0
2016;CARABANCHEL;VISTA ALEGRE;0.45;1593;64.58;0.905;20.14;2.61;0.282;83591.34;277.88;45.6;45.16;23.65;34.68;186.13;53.72;57.12;84.13;95.76;18.28;29.36;14.34;365;0.271;0;0
2017;USERA;ZOFÍO;0.1;1624;61.58;0.934;8.45;2.73;0.256;88859.65;173.72;43.31;43.29;18.7;41.53;129.19;77.41;49.63;82.64;107.14;20.61;31.88;16.19;59;0.296;0;0
2019;USERA;ZOFÍO;0.1;1889;64.48;0.932;8.5;2.8;0.251;99789.87;180.46;43.21;43.06;18.03;39.9;131.06;76.3;46.61;85.24;96.41;23.79;36.43;19.6;73;0.27;0;0
2018;USERA;ZOFÍO;0.1;1887;63.11;0.932;8.5;2.76;0.253;85877.26;176.96;43.28;43.24;18.24;41.07;130.38;76.7;47.55;83.86;103.55;22.27;34.5;17.95;96;0.281;0;0
2016;USERA;ZOFÍO;0.1;1380;58.83;0.934;8.44;2.72;0.259;72613.4;171.08;43.34;43.22;19.1;40.13;132.13;75.68;50.49;83.7;90.8;19.34;30.3;15.14;59;0.304;0;0
